X,Y,标注类别名称,预测类别,图像路径
28.750668,13.468358,哈密瓜,柚子,fruit30_split/val/哈密瓜/106.jpg
0.1300249,17.642849,哈密瓜,桂圆,fruit30_split/val/哈密瓜/109.jpg
15.105215,5.8443537,哈密瓜,哈密瓜,fruit30_split/val/哈密瓜/114.jpg
48.01762,0.2078388,哈密瓜,哈密瓜,fruit30_split/val/哈密瓜/116.jpg
-9.501915,17.861477,哈密瓜,柚子,fruit30_split/val/哈密瓜/118.png
33.135494,17.102093,哈密瓜,哈密瓜,fruit30_split/val/哈密瓜/123.jpg
29.922777,15.286204,哈密瓜,哈密瓜,fruit30_split/val/哈密瓜/127.jpg
18.909512,-30.297901,哈密瓜,哈密瓜,fruit30_split/val/哈密瓜/129.jpg
38.362835,30.4704,哈密瓜,芒果,fruit30_split/val/哈密瓜/131.jpg
-18.486343,32.032787,哈密瓜,哈密瓜,fruit30_split/val/哈密瓜/133.jpg
7.7176323,-1.9284344,哈密瓜,哈密瓜,fruit30_split/val/哈密瓜/136.jpg
29.48094,10.178543,哈密瓜,柠檬,fruit30_split/val/哈密瓜/137.jpg
-18.442621,32.74036,哈密瓜,哈密瓜,fruit30_split/val/哈密瓜/14.jpg
30.506428,11.760329,哈密瓜,哈密瓜,fruit30_split/val/哈密瓜/144.jpg
-18.524,35.3483,哈密瓜,哈密瓜,fruit30_split/val/哈密瓜/145.jpg
32.252926,17.012314,哈密瓜,哈密瓜,fruit30_split/val/哈密瓜/152.jpg
41.1249,30.916376,哈密瓜,哈密瓜,fruit30_split/val/哈密瓜/163.jpg
36.155697,17.013636,哈密瓜,哈密瓜,fruit30_split/val/哈密瓜/164.jpg
33.81407,15.542752,哈密瓜,哈密瓜,fruit30_split/val/哈密瓜/173.jpg
5.780402,9.389724,哈密瓜,柚子,fruit30_split/val/哈密瓜/178.jpg
19.011732,-30.161743,哈密瓜,哈密瓜,fruit30_split/val/哈密瓜/182.jpg
35.324436,30.678913,哈密瓜,芒果,fruit30_split/val/哈密瓜/25.jpg
29.860458,15.326188,哈密瓜,哈密瓜,fruit30_split/val/哈密瓜/29.png
31.91038,14.750325,哈密瓜,哈密瓜,fruit30_split/val/哈密瓜/38.jpg
7.658386,9.185956,哈密瓜,哈密瓜,fruit30_split/val/哈密瓜/44.jpg
35.519608,19.696447,哈密瓜,哈密瓜,fruit30_split/val/哈密瓜/46.jpg
-24.019487,-38.050934,哈密瓜,哈密瓜,fruit30_split/val/哈密瓜/48.jpg
10.031033,28.40245,哈密瓜,桂圆,fruit30_split/val/哈密瓜/56.jpg
38.530296,30.977802,哈密瓜,哈密瓜,fruit30_split/val/哈密瓜/63.jpg
35.539284,20.015314,哈密瓜,哈密瓜,fruit30_split/val/哈密瓜/66.jpg
40.918793,30.608604,哈密瓜,哈密瓜,fruit30_split/val/哈密瓜/7.jpg
32.01638,16.980755,哈密瓜,哈密瓜,fruit30_split/val/哈密瓜/70.jpg
33.71526,15.102654,哈密瓜,哈密瓜,fruit30_split/val/哈密瓜/75.jpg
36.41014,15.68155,哈密瓜,哈密瓜,fruit30_split/val/哈密瓜/84.jpg
4.2608485,0.25850135,哈密瓜,哈密瓜,fruit30_split/val/哈密瓜/9.jpg
-18.551096,34.169613,哈密瓜,哈密瓜,fruit30_split/val/哈密瓜/90.jpg
15.007062,5.843419,哈密瓜,哈密瓜,fruit30_split/val/哈密瓜/91.jpg
48.01766,0.20776704,哈密瓜,哈密瓜,fruit30_split/val/哈密瓜/.ipynb_checkpoints/116-checkpoint.jpg
-25.169746,22.20947,圣女果,西红柿,fruit30_split/val/圣女果/100.jpeg
-38.766956,4.6621776,圣女果,圣女果,fruit30_split/val/圣女果/102.jpeg
-28.420143,12.492537,圣女果,圣女果,fruit30_split/val/圣女果/114.jpg
-35.053158,20.397642,圣女果,圣女果,fruit30_split/val/圣女果/12.jpg
-29.347355,15.106743,圣女果,西红柿,fruit30_split/val/圣女果/132.png
-29.634405,21.523071,圣女果,圣女果,fruit30_split/val/圣女果/135.jpeg
-36.214745,12.056697,圣女果,圣女果,fruit30_split/val/圣女果/138.jpeg
-38.704796,8.609833,圣女果,圣女果,fruit30_split/val/圣女果/144.jpeg
-36.31498,14.344817,圣女果,西红柿,fruit30_split/val/圣女果/150.jpg
-33.053436,8.485959,圣女果,圣女果,fruit30_split/val/圣女果/151.jpg
-36.38456,20.848957,圣女果,西红柿,fruit30_split/val/圣女果/161.jpg
-35.468906,7.2050424,圣女果,圣女果,fruit30_split/val/圣女果/163.jpg
-30.903164,10.659962,圣女果,圣女果,fruit30_split/val/圣女果/175.png
-21.32545,21.706589,圣女果,西红柿,fruit30_split/val/圣女果/181.jpg
26.912096,8.360399,圣女果,西红柿,fruit30_split/val/圣女果/182.jpg
-26.254763,16.676273,圣女果,圣女果,fruit30_split/val/圣女果/191.jpg
-25.964863,17.719706,圣女果,圣女果,fruit30_split/val/圣女果/196.jpg
-23.181717,-1.0594211,圣女果,西红柿,fruit30_split/val/圣女果/22.jpg
-33.577847,12.735543,圣女果,圣女果,fruit30_split/val/圣女果/26.jpg
-26.035517,23.014437,圣女果,脐橙,fruit30_split/val/圣女果/27.jpg
-39.140118,9.468325,圣女果,圣女果,fruit30_split/val/圣女果/28.jpg
-30.06259,8.467883,圣女果,圣女果,fruit30_split/val/圣女果/31.jpg
-7.3917136,28.265368,圣女果,砂糖橘,fruit30_split/val/圣女果/35.jpg
-41.205814,6.9357605,圣女果,圣女果,fruit30_split/val/圣女果/39.jpeg
-32.89855,10.364758,圣女果,圣女果,fruit30_split/val/圣女果/42.jpg
-32.941326,11.933346,圣女果,圣女果,fruit30_split/val/圣女果/44.jpg
-39.68575,10.294281,圣女果,圣女果,fruit30_split/val/圣女果/48.jpeg
-31.695574,14.943205,圣女果,圣女果,fruit30_split/val/圣女果/53.jpg
14.326331,-20.799845,圣女果,黄瓜,fruit30_split/val/圣女果/56.jpg
-8.929704,30.70794,圣女果,西红柿,fruit30_split/val/圣女果/58.jpg
-34.370216,10.333834,圣女果,圣女果,fruit30_split/val/圣女果/60.jpeg
-32.418476,12.680785,圣女果,圣女果,fruit30_split/val/圣女果/61.jpg
-34.26006,11.970271,圣女果,圣女果,fruit30_split/val/圣女果/63.jpg
-37.643044,11.752858,圣女果,圣女果,fruit30_split/val/圣女果/65.jpg
-41.1374,8.790142,圣女果,圣女果,fruit30_split/val/圣女果/71.jpeg
-33.14946,25.620905,圣女果,圣女果,fruit30_split/val/圣女果/72.jpg
-35.01494,11.847078,圣女果,圣女果,fruit30_split/val/圣女果/76.jpg
-32.369053,18.449015,圣女果,西红柿,fruit30_split/val/圣女果/88.jpg
-1.720759,4.5268035,山竹,山竹,fruit30_split/val/山竹/101.jpg
-15.40535,4.9242954,山竹,山竹,fruit30_split/val/山竹/105.jpg
8.7752075,-4.4998026,山竹,山竹,fruit30_split/val/山竹/107.jpeg
-5.5691786,-2.9384222,山竹,山竹,fruit30_split/val/山竹/112.jpg
-6.9041653,9.568648,山竹,苹果-青,fruit30_split/val/山竹/114.jpg
-5.9354067,1.1435012,山竹,山竹,fruit30_split/val/山竹/129.jpg
1.7687913,19.150307,山竹,山竹,fruit30_split/val/山竹/140.jpg
-2.3779848,1.2330012,山竹,山竹,fruit30_split/val/山竹/143.jpg
-9.562388,3.0813718,山竹,山竹,fruit30_split/val/山竹/144.jpg
-11.166268,6.1146765,山竹,葡萄-红,fruit30_split/val/山竹/148.jpeg
-3.4962025,3.270102,山竹,山竹,fruit30_split/val/山竹/149.png
-4.9277854,1.4116564,山竹,山竹,fruit30_split/val/山竹/16.jpg
-16.413721,14.409874,山竹,山竹,fruit30_split/val/山竹/162.jpeg
-2.6762588,4.0826917,山竹,山竹,fruit30_split/val/山竹/166.jpg
-10.755824,3.8420234,山竹,葡萄-红,fruit30_split/val/山竹/173.jpg
-4.77436,5.8962574,山竹,山竹,fruit30_split/val/山竹/174.jpg
-4.6486497,3.3619673,山竹,山竹,fruit30_split/val/山竹/178.jpg
-6.2637544,4.4961486,山竹,山竹,fruit30_split/val/山竹/181.jpg
-7.8140597,-0.71712255,山竹,山竹,fruit30_split/val/山竹/194.jpg
-9.860374,2.9841053,山竹,山竹,fruit30_split/val/山竹/2.jpg
-4.357029,0.44122112,山竹,山竹,fruit30_split/val/山竹/24.jpg
-5.2569776,4.7095904,山竹,山竹,fruit30_split/val/山竹/25.jpg
-17.185932,13.746402,山竹,山竹,fruit30_split/val/山竹/33.jpg
-6.8811464,2.846829,山竹,山竹,fruit30_split/val/山竹/35.jpg
-6.8489323,4.771385,山竹,山竹,fruit30_split/val/山竹/4.jpg
-7.530983,0.052079596,山竹,山竹,fruit30_split/val/山竹/47.jpg
-10.959835,1.8990811,山竹,山竹,fruit30_split/val/山竹/5.jpg
-5.916355,0.7230568,山竹,山竹,fruit30_split/val/山竹/58.jpg
-24.742128,2.8481343,山竹,葡萄-红,fruit30_split/val/山竹/63.jpg
-3.472399,1.077775,山竹,山竹,fruit30_split/val/山竹/77.jpg
-4.546551,-3.304801,山竹,山竹,fruit30_split/val/山竹/78.jpg
12.82714,17.257378,山竹,椰子,fruit30_split/val/山竹/79.jpg
-5.6662507,-1.2758936,山竹,山竹,fruit30_split/val/山竹/87.jpg
-9.479245,1.0980881,山竹,山竹,fruit30_split/val/山竹/89.jpg
-6.2978754,-3.7633576,山竹,荔枝,fruit30_split/val/山竹/91.jpeg
-29.667608,-28.873749,杨梅,荔枝,fruit30_split/val/杨梅/102.jpg
-41.755615,5.7143493,杨梅,砂糖橘,fruit30_split/val/杨梅/119.jpeg
-28.597853,-18.60875,杨梅,杨梅,fruit30_split/val/杨梅/127.jpg
-31.336964,-26.823654,杨梅,杨梅,fruit30_split/val/杨梅/131.jpg
-10.369977,35.330143,杨梅,西瓜,fruit30_split/val/杨梅/138.jpg
-33.008926,-26.729338,杨梅,杨梅,fruit30_split/val/杨梅/155.jpg
-26.136658,-29.012924,杨梅,杨梅,fruit30_split/val/杨梅/159.jpg
-14.888023,-19.352495,杨梅,杨梅,fruit30_split/val/杨梅/16.jpg
-31.390963,-30.422958,杨梅,杨梅,fruit30_split/val/杨梅/167.jpeg
-25.284973,-30.00219,杨梅,杨梅,fruit30_split/val/杨梅/170.jpg
-33.755962,-30.678553,杨梅,杨梅,fruit30_split/val/杨梅/175.jpg
-32.599545,-13.761755,杨梅,杨梅,fruit30_split/val/杨梅/178.jpg
-32.08628,-23.642351,杨梅,杨梅,fruit30_split/val/杨梅/183.jpg
-33.141815,-25.171295,杨梅,杨梅,fruit30_split/val/杨梅/186.jpg
-31.552782,-25.566092,杨梅,杨梅,fruit30_split/val/杨梅/19.jpg
-37.40948,-17.62995,杨梅,杨梅,fruit30_split/val/杨梅/191.jpg
-30.182287,-24.936972,杨梅,杨梅,fruit30_split/val/杨梅/193.png
-29.470268,-26.412586,杨梅,杨梅,fruit30_split/val/杨梅/195.jpg
-19.474855,-32.91486,杨梅,草莓,fruit30_split/val/杨梅/196.jpg
-25.933357,-28.925518,杨梅,杨梅,fruit30_split/val/杨梅/200.jpg
-28.309397,-27.81601,杨梅,杨梅,fruit30_split/val/杨梅/25.jpg
-31.855429,-25.121254,杨梅,杨梅,fruit30_split/val/杨梅/26.jpg
-33.97341,-33.479927,杨梅,杨梅,fruit30_split/val/杨梅/27.jpg
-31.143023,-29.367441,杨梅,杨梅,fruit30_split/val/杨梅/36.jpg
-29.146902,-17.622128,杨梅,荔枝,fruit30_split/val/杨梅/46.jpg
-33.28873,-29.48981,杨梅,杨梅,fruit30_split/val/杨梅/47.jpg
-32.076443,-28.32014,杨梅,杨梅,fruit30_split/val/杨梅/5.jpg
-31.927176,-28.026398,杨梅,杨梅,fruit30_split/val/杨梅/50.jpg
-28.101347,-25.631018,杨梅,杨梅,fruit30_split/val/杨梅/62.jpg
-30.021093,-27.346493,杨梅,杨梅,fruit30_split/val/杨梅/71.jpg
-28.030697,-29.065725,杨梅,杨梅,fruit30_split/val/杨梅/75.jpg
-28.209282,-27.581768,杨梅,杨梅,fruit30_split/val/杨梅/81.jpeg
-31.176857,-21.489037,杨梅,杨梅,fruit30_split/val/杨梅/85.jpg
-33.830338,-32.99062,杨梅,杨梅,fruit30_split/val/杨梅/86.jpg
-34.176723,-28.072275,杨梅,杨梅,fruit30_split/val/杨梅/9.jpg
-28.861843,-30.529387,杨梅,杨梅,fruit30_split/val/杨梅/90.jpg
-26.847132,-30.871113,杨梅,杨梅,fruit30_split/val/杨梅/95.png
7.5417066,11.942257,柚子,柚子,fruit30_split/val/柚子/113.jpg
21.58171,11.7174015,柚子,柠檬,fruit30_split/val/柚子/114.jpg
7.937009,-9.969846,柚子,桂圆,fruit30_split/val/柚子/119.jpg
-12.467959,28.550358,柚子,梨,fruit30_split/val/柚子/132.jpg
26.334568,5.827779,柚子,柚子,fruit30_split/val/柚子/136.jpg
3.4425633,6.8574867,柚子,柚子,fruit30_split/val/柚子/137.jpg
-11.298201,21.356583,柚子,柚子,fruit30_split/val/柚子/150.jpg
18.358807,18.89001,柚子,柚子,fruit30_split/val/柚子/151.jpg
20.897575,9.751054,柚子,柚子,fruit30_split/val/柚子/154.jpg
17.87945,16.477097,柚子,柚子,fruit30_split/val/柚子/156.jpeg
1.7699223,7.618811,柚子,柚子,fruit30_split/val/柚子/16.jpg
31.448421,1.1272988,柚子,柚子,fruit30_split/val/柚子/165.jpeg
29.0841,2.6901793,柚子,柚子,fruit30_split/val/柚子/169.jpg
27.426676,0.82149374,柚子,柚子,fruit30_split/val/柚子/171.jpg
19.827517,15.144712,柚子,柚子,fruit30_split/val/柚子/175.jpg
22.086807,12.184433,柚子,柚子,fruit30_split/val/柚子/177.jpg
24.847462,12.266827,柚子,柚子,fruit30_split/val/柚子/181.jpg
36.56549,23.618757,柚子,哈密瓜,fruit30_split/val/柚子/183.jpg
-7.343303,10.761116,柚子,苹果-青,fruit30_split/val/柚子/191.png
4.7623186,10.049612,柚子,柚子,fruit30_split/val/柚子/193.jpg
4.793786,7.095195,柚子,柚子,fruit30_split/val/柚子/197.jpeg
23.409721,12.248844,柚子,柚子,fruit30_split/val/柚子/21.jpeg
-11.624516,19.216291,柚子,柠檬,fruit30_split/val/柚子/26.jpg
4.917461,7.821702,柚子,梨,fruit30_split/val/柚子/30.jpg
-12.611713,27.961325,柚子,柚子,fruit30_split/val/柚子/31.jpg
28.022821,3.548975,柚子,柚子,fruit30_split/val/柚子/49.jpg
1.751939,9.636987,柚子,柚子,fruit30_split/val/柚子/52.jpg
21.459602,2.350244,柚子,柚子,fruit30_split/val/柚子/53.jpg
6.1763506,8.80047,柚子,柚子,fruit30_split/val/柚子/56.jpg
26.329716,3.0004292,柚子,柚子,fruit30_split/val/柚子/62.jpg
27.653599,1.9743721,柚子,柚子,fruit30_split/val/柚子/66.png
25.138794,2.4507225,柚子,柚子,fruit30_split/val/柚子/7.jpg
26.438416,5.368948,柚子,柚子,fruit30_split/val/柚子/8.jpg
7.5009584,6.6247306,柚子,苹果-青,fruit30_split/val/柚子/81.jpg
1.0780925,9.426729,柚子,梨,fruit30_split/val/柚子/86.jpg
39.462025,-0.98808575,柚子,柚子,fruit30_split/val/柚子/89.jpg
26.678135,2.543374,柚子,柚子,fruit30_split/val/柚子/96.jpg
24.230656,8.041082,柠檬,柠檬,fruit30_split/val/柠檬/104.jpeg
7.1052995,7.514788,柠檬,柚子,fruit30_split/val/柠檬/106.jpg
2.5883567,13.7234535,柠檬,脐橙,fruit30_split/val/柠檬/11.jpg
3.9735796,21.372221,柠檬,柠檬,fruit30_split/val/柠檬/12.jpg
-9.023475,9.886916,柠檬,柠檬,fruit30_split/val/柠檬/129.jpeg
27.276371,12.057657,柠檬,柠檬,fruit30_split/val/柠檬/132.jpg
29.468342,8.798098,柠檬,柠檬,fruit30_split/val/柠檬/142.jpg
27.100622,10.404442,柠檬,柠檬,fruit30_split/val/柠檬/144.jpg
5.711995,-11.985547,柠檬,黄瓜,fruit30_split/val/柠檬/145.jpg
3.3392735,-12.904005,柠檬,柠檬,fruit30_split/val/柠檬/146.jpg
22.738281,15.011446,柠檬,柠檬,fruit30_split/val/柠檬/15.jpg
13.44995,-7.7581487,柠檬,苹果-青,fruit30_split/val/柠檬/152.jpg
24.747356,15.7568245,柠檬,柠檬,fruit30_split/val/柠檬/160.jpg
22.959734,9.393144,柠檬,柠檬,fruit30_split/val/柠檬/166.jpg
20.696842,10.820248,柠檬,柠檬,fruit30_split/val/柠檬/173.jpg
21.633331,17.399311,柠檬,柠檬,fruit30_split/val/柠檬/186.jpeg
16.291622,-25.433485,柠檬,柠檬,fruit30_split/val/柠檬/190.jpeg
23.715408,7.8343306,柠檬,柠檬,fruit30_split/val/柠檬/36.jpg
20.91253,17.18736,柠檬,柠檬,fruit30_split/val/柠檬/37.jpg
22.303665,15.712185,柠檬,柠檬,fruit30_split/val/柠檬/4.jpg
48.165188,1.718641,柠檬,柠檬,fruit30_split/val/柠檬/41.jpg
23.761887,17.942524,柠檬,柠檬,fruit30_split/val/柠檬/46.jpg
23.594637,10.830519,柠檬,柠檬,fruit30_split/val/柠檬/66.jpeg
23.561378,14.305847,柠檬,柠檬,fruit30_split/val/柠檬/80.jpg
20.094614,11.334561,柠檬,柠檬,fruit30_split/val/柠檬/82.jpg
17.850393,9.879619,柠檬,柠檬,fruit30_split/val/柠檬/87.jpg
23.812576,9.226204,柠檬,柠檬,fruit30_split/val/柠檬/91.jpg
2.8837965,2.623934,柠檬,柠檬,fruit30_split/val/柠檬/93.jpg
-18.501587,20.650452,柠檬,葡萄-白,fruit30_split/val/柠檬/98.jpg
5.6162014,23.577269,桂圆,桂圆,fruit30_split/val/桂圆/101.jpg
28.20168,40.617718,桂圆,桂圆,fruit30_split/val/桂圆/102.jpg
-17.225845,-3.6661353,桂圆,桂圆,fruit30_split/val/桂圆/109.jpg
8.3657055,24.148563,桂圆,桂圆,fruit30_split/val/桂圆/122.jpg
6.0064316,21.029402,桂圆,桂圆,fruit30_split/val/桂圆/135.jpg
8.660162,25.587173,桂圆,桂圆,fruit30_split/val/桂圆/138.jpg
5.301464,25.86665,桂圆,桂圆,fruit30_split/val/桂圆/144.jpg
6.6951685,23.363201,桂圆,桂圆,fruit30_split/val/桂圆/145.jpeg
8.166197,23.203896,桂圆,桂圆,fruit30_split/val/桂圆/151.jpg
3.815338,20.107224,桂圆,桂圆,fruit30_split/val/桂圆/152.jpg
8.922988,19.538532,桂圆,桂圆,fruit30_split/val/桂圆/157.jpg
9.345612,17.96547,桂圆,桂圆,fruit30_split/val/桂圆/168.jpeg
-14.107626,0.36444739,桂圆,桂圆,fruit30_split/val/桂圆/17.jpg
28.201376,40.617264,桂圆,桂圆,fruit30_split/val/桂圆/178.jpg
-15.751963,-1.8414258,桂圆,桂圆,fruit30_split/val/桂圆/184.jpg
-18.166277,-2.2212884,桂圆,桂圆,fruit30_split/val/桂圆/185.jpg
5.0222096,16.1672,桂圆,桂圆,fruit30_split/val/桂圆/187.jpeg
-16.343555,-1.406373,桂圆,桂圆,fruit30_split/val/桂圆/191.jpg
11.500598,19.629494,桂圆,桂圆,fruit30_split/val/桂圆/193.jpg
-14.878983,-1.2659144,桂圆,桂圆,fruit30_split/val/桂圆/2.jpg
8.226927,25.570545,桂圆,桂圆,fruit30_split/val/桂圆/22.jpeg
7.2821927,20.117659,桂圆,桂圆,fruit30_split/val/桂圆/26.png
-16.941635,-2.1023378,桂圆,桂圆,fruit30_split/val/桂圆/29.jpg
9.620143,21.552269,桂圆,桂圆,fruit30_split/val/桂圆/35.jpg
-16.469719,3.0756803,桂圆,桂圆,fruit30_split/val/桂圆/4.jpg
7.6250577,19.683945,桂圆,桂圆,fruit30_split/val/桂圆/42.jpg
8.572883,21.329329,桂圆,桂圆,fruit30_split/val/桂圆/48.jpg
7.69593,16.618584,桂圆,桂圆,fruit30_split/val/桂圆/49.jpg
12.418244,19.595037,桂圆,桂圆,fruit30_split/val/桂圆/52.jpg
7.533805,21.609192,桂圆,桂圆,fruit30_split/val/桂圆/60.jpg
9.694299,17.56431,桂圆,桂圆,fruit30_split/val/桂圆/66.jpg
-14.677437,-3.5057735,桂圆,桂圆,fruit30_split/val/桂圆/73.jpg
-16.106014,-0.29106483,桂圆,桂圆,fruit30_split/val/桂圆/79.jpg
10.723193,16.324654,桂圆,桂圆,fruit30_split/val/桂圆/82.jpg
7.846887,17.409225,桂圆,桂圆,fruit30_split/val/桂圆/87.jpeg
6.467746,21.975185,桂圆,桂圆,fruit30_split/val/桂圆/88.jpeg
-16.38054,0.98125637,桂圆,桂圆,fruit30_split/val/桂圆/90.jpeg
-15.506189,-3.01324,桂圆,桂圆,fruit30_split/val/桂圆/99.jpg
16.771166,0.33609998,梨,苹果-青,fruit30_split/val/梨/1.jpg
13.678343,-1.484797,梨,梨,fruit30_split/val/梨/11.jpg
12.078606,1.8262933,梨,梨,fruit30_split/val/梨/112.jpg
13.108868,8.904474,梨,梨,fruit30_split/val/梨/114.jpg
11.74749,8.23434,梨,梨,fruit30_split/val/梨/116.jpg
-1.3060623,19.544895,梨,梨,fruit30_split/val/梨/119.jpg
9.684181,7.6209064,梨,梨,fruit30_split/val/梨/12.jpg
10.263265,9.855007,梨,梨,fruit30_split/val/梨/127.jpg
10.781918,11.194613,梨,梨,fruit30_split/val/梨/132.jpg
10.734174,8.230714,梨,梨,fruit30_split/val/梨/133.jpg
10.876968,11.761697,梨,梨,fruit30_split/val/梨/135.jpg
11.136337,2.7040937,梨,梨,fruit30_split/val/梨/138.jpg
-12.161868,14.653047,梨,葡萄-红,fruit30_split/val/梨/150.jpg
15.902311,-0.10063955,梨,苹果-青,fruit30_split/val/梨/170.jpg
-13.908763,20.326717,梨,梨,fruit30_split/val/梨/174.jpeg
11.258333,-1.3136513,梨,梨,fruit30_split/val/梨/186.jpg
-8.705091,11.925497,梨,梨,fruit30_split/val/梨/19.jpg
-13.610096,21.563549,梨,梨,fruit30_split/val/梨/190.jpg
-7.3343997,17.326283,梨,梨,fruit30_split/val/梨/197.jpg
11.237097,-1.3306502,梨,梨,fruit30_split/val/梨/199.jpg
-4.861631,12.087939,梨,苹果-青,fruit30_split/val/梨/22.jpg
3.0744395,31.099277,梨,梨,fruit30_split/val/梨/23.jpg
17.79445,2.3617475,梨,梨,fruit30_split/val/梨/27.jpg
14.2734995,1.7191496,梨,梨,fruit30_split/val/梨/28.jpg
12.066737,6.1108375,梨,梨,fruit30_split/val/梨/34.jpg
30.935347,-22.99941,梨,苹果-红,fruit30_split/val/梨/43.jpg
11.575225,2.9592953,梨,梨,fruit30_split/val/梨/54.jpeg
9.467869,7.023663,梨,梨,fruit30_split/val/梨/55.jpg
-12.989588,19.479671,梨,梨,fruit30_split/val/梨/68.jpg
7.894836,1.3503877,梨,梨,fruit30_split/val/梨/69.jpg
-13.5582695,23.551704,梨,梨,fruit30_split/val/梨/73.jpg
10.263825,13.88664,梨,猕猴桃,fruit30_split/val/梨/76.jpg
9.658733,5.551338,梨,石榴,fruit30_split/val/梨/77.jpg
13.262077,5.703443,梨,梨,fruit30_split/val/梨/82.jpg
-14.277115,22.666782,梨,梨,fruit30_split/val/梨/85.jpg
11.408562,22.536552,梨,桂圆,fruit30_split/val/梨/87.jpg
12.7325325,-0.8468049,梨,梨,fruit30_split/val/梨/92.jpg
13.215805,10.4532795,椰子,椰子,fruit30_split/val/椰子/102.jpg
9.834707,2.6770413,椰子,椰子,fruit30_split/val/椰子/104.jpg
5.4863415,3.641225,椰子,椰子,fruit30_split/val/椰子/105.jpg
-13.987231,16.573486,椰子,椰子,fruit30_split/val/椰子/107.jpeg
33.173157,-7.7557464,椰子,椰子,fruit30_split/val/椰子/12.jpg
14.291492,8.169281,椰子,椰子,fruit30_split/val/椰子/128.jpg
11.545388,24.644737,椰子,椰子,fruit30_split/val/椰子/133.jpg
-5.575978,-34.814846,椰子,椰子,fruit30_split/val/椰子/136.jpg
34.01072,-1.3641489,椰子,椰子,fruit30_split/val/椰子/142.jpg
13.331449,26.083168,椰子,桂圆,fruit30_split/val/椰子/163.jpg
-5.1590962,15.773694,椰子,椰子,fruit30_split/val/椰子/165.jpg
35.249508,-4.9689145,椰子,椰子,fruit30_split/val/椰子/17.jpeg
34.681267,-6.867651,椰子,椰子,fruit30_split/val/椰子/170.jpg
34.496758,-6.3945794,椰子,椰子,fruit30_split/val/椰子/175.jpg
35.315327,-0.8919433,椰子,椰子,fruit30_split/val/椰子/176.jpg
-3.1435237,-1.2159152,椰子,椰子,fruit30_split/val/椰子/185.jpg
16.830845,-17.467575,椰子,西瓜,fruit30_split/val/椰子/187.jpg
13.396204,-12.386432,椰子,椰子,fruit30_split/val/椰子/190.jpg
-0.7941612,18.607615,椰子,椰子,fruit30_split/val/椰子/194.jpg
-14.730643,17.778316,椰子,椰子,fruit30_split/val/椰子/195.jpg
23.186783,-0.102066085,椰子,椰子,fruit30_split/val/椰子/196.jpg
16.010677,2.7873738,椰子,椰子,fruit30_split/val/椰子/197.png
-3.8281517,10.647252,椰子,椰子,fruit30_split/val/椰子/199.jpg
28.151619,-3.910667,椰子,椰子,fruit30_split/val/椰子/23.png
12.545091,25.503668,椰子,椰子,fruit30_split/val/椰子/25.jpg
10.10847,23.52622,椰子,桂圆,fruit30_split/val/椰子/30.jpg
23.516537,-7.4641905,椰子,椰子,fruit30_split/val/椰子/33.jpg
34.380016,-5.3623295,椰子,椰子,fruit30_split/val/椰子/36.jpg
27.58424,-4.9273534,椰子,椰子,fruit30_split/val/椰子/43.jpg
28.10256,-5.2086544,椰子,椰子,fruit30_split/val/椰子/49.jpg
10.065458,1.0851331,椰子,椰子,fruit30_split/val/椰子/5.jpg
-8.630178,-28.20718,椰子,桂圆,fruit30_split/val/椰子/57.jpg
26.274815,-4.8612947,椰子,椰子,fruit30_split/val/椰子/60.jpeg
33.61996,-4.875212,椰子,椰子,fruit30_split/val/椰子/78.jpg
33.99373,-2.2510576,椰子,椰子,fruit30_split/val/椰子/80.jpg
-15.121502,17.84725,椰子,椰子,fruit30_split/val/椰子/81.jpg
-8.653233,14.694532,椰子,椰子,fruit30_split/val/椰子/84.jpg
28.172977,-6.172935,椰子,椰子,fruit30_split/val/椰子/90.jpg
45.451786,-5.271549,榴莲,榴莲,fruit30_split/val/榴莲/10.jpg
4.5878143,-10.233275,榴莲,香蕉,fruit30_split/val/榴莲/101.jpg
-37.36059,-24.775694,榴莲,荔枝,fruit30_split/val/榴莲/102.jpg
49.296352,-5.5823684,榴莲,榴莲,fruit30_split/val/榴莲/106.jpg
-37.272736,-26.27766,榴莲,榴莲,fruit30_split/val/榴莲/112.jpg
40.373142,-5.62943,榴莲,榴莲,fruit30_split/val/榴莲/135.jpg
48.00481,-3.8893993,榴莲,榴莲,fruit30_split/val/榴莲/149.jpeg
47.152622,-10.815191,榴莲,榴莲,fruit30_split/val/榴莲/150.jpg
47.803043,-10.472551,榴莲,榴莲,fruit30_split/val/榴莲/161.jpg
48.47739,-6.0838695,榴莲,榴莲,fruit30_split/val/榴莲/163.jpg
43.499695,-5.967315,榴莲,榴莲,fruit30_split/val/榴莲/170.jpg
50.16402,-6.602425,榴莲,榴莲,fruit30_split/val/榴莲/181.jpg
42.81807,-1.8687845,榴莲,柚子,fruit30_split/val/榴莲/191.jpg
-9.541256,5.445282,榴莲,榴莲,fruit30_split/val/榴莲/198.jpg
42.620342,-5.0726256,榴莲,榴莲,fruit30_split/val/榴莲/20.jpg
-39.527958,-31.145481,榴莲,榴莲,fruit30_split/val/榴莲/3.jpg
52.576603,-7.536672,榴莲,榴莲,fruit30_split/val/榴莲/36.jpg
-38.71063,-30.443642,榴莲,榴莲,fruit30_split/val/榴莲/39.jpg
-38.701023,-26.680964,榴莲,榴莲,fruit30_split/val/榴莲/43.jpg
-40.20005,-28.552214,榴莲,榴莲,fruit30_split/val/榴莲/44.jpeg
45.12782,-4.9355702,榴莲,榴莲,fruit30_split/val/榴莲/46.jpg
-39.438995,-30.636671,榴莲,榴莲,fruit30_split/val/榴莲/47.jpg
48.059628,-6.508656,榴莲,榴莲,fruit30_split/val/榴莲/55.jpg
50.85727,-8.465977,榴莲,榴莲,fruit30_split/val/榴莲/58.jpg
-9.936995,-32.161427,榴莲,榴莲,fruit30_split/val/榴莲/71.jpg
51.528503,-7.3134804,榴莲,榴莲,fruit30_split/val/榴莲/74.jpg
45.833347,-6.5003276,榴莲,榴莲,fruit30_split/val/榴莲/75.jpg
46.705963,-4.4227057,榴莲,榴莲,fruit30_split/val/榴莲/78.jpg
28.72878,16.24668,榴莲,杨梅,fruit30_split/val/榴莲/84.png
39.90981,17.774218,榴莲,柠檬,fruit30_split/val/榴莲/85.jpg
15.396755,21.808302,榴莲,芒果,fruit30_split/val/榴莲/87.jpg
-40.4976,-28.283941,榴莲,榴莲,fruit30_split/val/榴莲/88.jpg
41.769806,-5.853119,榴莲,榴莲,fruit30_split/val/榴莲/90.jpg
-37.316437,-27.360302,榴莲,榴莲,fruit30_split/val/榴莲/91.jpg
42.311634,-4.2372127,榴莲,榴莲,fruit30_split/val/榴莲/98.jpg
22.099022,5.2975583,榴莲,柠檬,fruit30_split/val/榴莲/99.jpg
15.353647,41.50956,火龙果,火龙果,fruit30_split/val/火龙果/103.jpg
14.407848,42.39717,火龙果,火龙果,fruit30_split/val/火龙果/106.jpg
15.157925,44.07861,火龙果,火龙果,fruit30_split/val/火龙果/109.jpg
16.282154,44.943493,火龙果,火龙果,fruit30_split/val/火龙果/113.jpg
14.426114,39.09383,火龙果,火龙果,fruit30_split/val/火龙果/114.jpg
17.295527,44.30583,火龙果,火龙果,fruit30_split/val/火龙果/118.jpg
14.450405,44.64514,火龙果,火龙果,fruit30_split/val/火龙果/13.jpg
-22.609156,11.688831,火龙果,火龙果,fruit30_split/val/火龙果/138.jpg
10.321574,42.973133,火龙果,火龙果,fruit30_split/val/火龙果/153.jpg
16.012579,42.641605,火龙果,火龙果,fruit30_split/val/火龙果/163.jpg
13.427681,37.392174,火龙果,火龙果,fruit30_split/val/火龙果/164.jpg
-18.867025,5.901353,火龙果,火龙果,fruit30_split/val/火龙果/172.jpg
-20.165962,12.274493,火龙果,火龙果,fruit30_split/val/火龙果/176.jpg
10.840893,45.20758,火龙果,火龙果,fruit30_split/val/火龙果/184.jpg
19.524223,40.04997,火龙果,苹果-红,fruit30_split/val/火龙果/19.jpg
16.34771,38.039417,火龙果,火龙果,fruit30_split/val/火龙果/191.jpg
13.965046,45.300056,火龙果,火龙果,fruit30_split/val/火龙果/196.jpg
17.264723,42.832806,火龙果,火龙果,fruit30_split/val/火龙果/197.jpg
16.499805,36.111454,火龙果,火龙果,fruit30_split/val/火龙果/21.jpg
12.393366,46.57886,火龙果,火龙果,fruit30_split/val/火龙果/23.jpg
12.730313,44.38855,火龙果,火龙果,fruit30_split/val/火龙果/29.jpg
17.224684,39.626648,火龙果,椰子,fruit30_split/val/火龙果/3.jpg
-42.84179,-17.086365,火龙果,火龙果,fruit30_split/val/火龙果/33.jpg
13.38349,46.007736,火龙果,火龙果,fruit30_split/val/火龙果/34.jpg
41.000484,-17.902267,火龙果,火龙果,fruit30_split/val/火龙果/45.jpg
13.504747,37.452583,火龙果,火龙果,fruit30_split/val/火龙果/47.jpeg
11.211905,43.24921,火龙果,火龙果,fruit30_split/val/火龙果/56.jpg
17.616055,40.761906,火龙果,火龙果,fruit30_split/val/火龙果/60.jpg
17.603945,40.981087,火龙果,火龙果,fruit30_split/val/火龙果/64.jpg
-42.610683,-17.069012,火龙果,火龙果,fruit30_split/val/火龙果/70.jpg
-22.37531,9.48946,火龙果,火龙果,fruit30_split/val/火龙果/76.jpeg
18.624514,43.30446,火龙果,火龙果,fruit30_split/val/火龙果/78.jpg
12.127833,43.262104,火龙果,火龙果,fruit30_split/val/火龙果/80.jpg
20.732431,37.124805,火龙果,火龙果,fruit30_split/val/火龙果/83.jpg
15.043037,40.285755,火龙果,火龙果,fruit30_split/val/火龙果/84.jpg
-39.528088,-16.306248,火龙果,石榴,fruit30_split/val/火龙果/90.jpg
20.647955,-0.15238571,猕猴桃,猕猴桃,fruit30_split/val/猕猴桃/101.jpg
-15.148167,27.516779,猕猴桃,猕猴桃,fruit30_split/val/猕猴桃/113.jpg
35.910374,3.8168843,猕猴桃,猕猴桃,fruit30_split/val/猕猴桃/118.jpeg
29.62138,-5.5180674,猕猴桃,猕猴桃,fruit30_split/val/猕猴桃/124.jpg
18.347267,-14.374641,猕猴桃,黄瓜,fruit30_split/val/猕猴桃/127.jpg
-9.748527,35.672546,猕猴桃,哈密瓜,fruit30_split/val/猕猴桃/128.jpg
33.10331,9.466483,猕猴桃,猕猴桃,fruit30_split/val/猕猴桃/136.jpg
39.2034,5.9786015,猕猴桃,猕猴桃,fruit30_split/val/猕猴桃/144.jpg
-13.221511,26.154072,猕猴桃,桂圆,fruit30_split/val/猕猴桃/149.jpeg
35.839767,7.025195,猕猴桃,猕猴桃,fruit30_split/val/猕猴桃/167.png
36.118378,8.743654,猕猴桃,猕猴桃,fruit30_split/val/猕猴桃/17.jpg
-13.51039,26.57369,猕猴桃,猕猴桃,fruit30_split/val/猕猴桃/188.jpg
-15.621696,24.581154,猕猴桃,猕猴桃,fruit30_split/val/猕猴桃/192.jpeg
37.473885,3.5496953,猕猴桃,猕猴桃,fruit30_split/val/猕猴桃/197.jpg
34.35933,8.571989,猕猴桃,猕猴桃,fruit30_split/val/猕猴桃/199.jpeg
27.960321,8.762444,猕猴桃,猕猴桃,fruit30_split/val/猕猴桃/32.jpg
37.427135,9.37218,猕猴桃,猕猴桃,fruit30_split/val/猕猴桃/34.jpg
-36.634155,-30.597912,猕猴桃,猕猴桃,fruit30_split/val/猕猴桃/38.jpeg
38.625072,9.898174,猕猴桃,猕猴桃,fruit30_split/val/猕猴桃/40.jpg
37.850212,6.7916884,猕猴桃,猕猴桃,fruit30_split/val/猕猴桃/41.jpeg
33.919857,5.6580725,猕猴桃,猕猴桃,fruit30_split/val/猕猴桃/44.jpg
37.78378,8.251428,猕猴桃,猕猴桃,fruit30_split/val/猕猴桃/46.jpg
39.70375,7.346072,猕猴桃,猕猴桃,fruit30_split/val/猕猴桃/47.jpg
40.313416,4.7353625,猕猴桃,猕猴桃,fruit30_split/val/猕猴桃/48.jpg
35.462955,10.51671,猕猴桃,猕猴桃,fruit30_split/val/猕猴桃/50.jpg
35.36974,6.0738063,猕猴桃,猕猴桃,fruit30_split/val/猕猴桃/54.jpg
36.091255,9.877837,猕猴桃,猕猴桃,fruit30_split/val/猕猴桃/56.jpg
37.580486,10.765925,猕猴桃,猕猴桃,fruit30_split/val/猕猴桃/57.jpg
35.001846,7.5509048,猕猴桃,猕猴桃,fruit30_split/val/猕猴桃/6.jpeg
40.062164,4.4953084,猕猴桃,猕猴桃,fruit30_split/val/猕猴桃/66.jpg
37.990368,12.051063,猕猴桃,芒果,fruit30_split/val/猕猴桃/68.jpg
36.653698,6.565023,猕猴桃,猕猴桃,fruit30_split/val/猕猴桃/70.jpg
37.947746,5.389743,猕猴桃,猕猴桃,fruit30_split/val/猕猴桃/77.jpg
34.6151,6.9156823,猕猴桃,猕猴桃,fruit30_split/val/猕猴桃/92.jpg
-17.252228,27.895426,猕猴桃,柚子,fruit30_split/val/猕猴桃/94.jpeg
34.772194,4.636584,猕猴桃,猕猴桃,fruit30_split/val/猕猴桃/96.jpg
32.16675,5.5151763,猕猴桃,猕猴桃,fruit30_split/val/猕猴桃/99.jpg
-43.746807,-4.8923316,石榴,石榴,fruit30_split/val/石榴/10.jpg
-20.65356,8.989018,石榴,石榴,fruit30_split/val/石榴/101.jpg
-22.140396,7.23817,石榴,西红柿,fruit30_split/val/石榴/106.jpg
-23.06115,7.6495166,石榴,石榴,fruit30_split/val/石榴/107.jpg
-7.8479786,-33.30949,石榴,石榴,fruit30_split/val/石榴/114.jpg
-41.757256,-1.9637359,石榴,石榴,fruit30_split/val/石榴/115.jpg
-42.052567,-0.45785132,石榴,石榴,fruit30_split/val/石榴/12.png
-20.429512,10.035944,石榴,石榴,fruit30_split/val/石榴/127.jpg
-7.721318,-31.99256,石榴,脐橙,fruit30_split/val/石榴/134.jpg
-37.823246,-0.38033628,石榴,石榴,fruit30_split/val/石榴/136.jpg
-36.720016,3.5257528,石榴,石榴,fruit30_split/val/石榴/14.jpg
-41.719704,-3.479114,石榴,石榴,fruit30_split/val/石榴/147.jpg
-30.516684,-9.177676,石榴,杨梅,fruit30_split/val/石榴/155.jpeg
-39.9977,-2.8991678,石榴,石榴,fruit30_split/val/石榴/158.jpg
-45.197224,-1.0176888,石榴,石榴,fruit30_split/val/石榴/174.jpeg
-43.9178,-4.267675,石榴,石榴,fruit30_split/val/石榴/175.jpg
-44.566864,-4.814804,石榴,石榴,fruit30_split/val/石榴/179.jpg
-44.775913,0.00984431,石榴,石榴,fruit30_split/val/石榴/19.jpg
-42.601925,-6.092315,石榴,石榴,fruit30_split/val/石榴/2.png
-44.92915,0.96718657,石榴,石榴,fruit30_split/val/石榴/27.jpg
-36.155106,-6.386769,石榴,石榴,fruit30_split/val/石榴/33.jpg
11.768062,36.15925,石榴,石榴,fruit30_split/val/石榴/35.jpg
-38.179268,-2.604445,石榴,葡萄-红,fruit30_split/val/石榴/43.jpeg
-11.808057,10.729223,石榴,石榴,fruit30_split/val/石榴/44.jpg
-15.9238,10.076523,石榴,石榴,fruit30_split/val/石榴/46.jpg
-42.511406,-0.7422745,石榴,石榴,fruit30_split/val/石榴/49.jpg
-10.70324,11.739608,石榴,石榴,fruit30_split/val/石榴/5.jpg
-46.021313,-0.81787294,石榴,石榴,fruit30_split/val/石榴/55.jpg
-14.949796,9.576425,石榴,石榴,fruit30_split/val/石榴/6.jpg
-21.005312,10.656001,石榴,石榴,fruit30_split/val/石榴/60.jpg
-47.62801,-0.9058902,石榴,石榴,fruit30_split/val/石榴/66.jpg
-39.775818,-0.5700866,石榴,石榴,fruit30_split/val/石榴/67.jpg
-40.75022,-1.8078299,石榴,石榴,fruit30_split/val/石榴/77.jpg
-42.128063,-5.1290097,石榴,石榴,fruit30_split/val/石榴/80.jpg
-46.09438,-3.2591286,石榴,石榴,fruit30_split/val/石榴/84.jpg
-11.019665,12.9741535,石榴,石榴,fruit30_split/val/石榴/88.jpg
-12.589589,12.136708,石榴,石榴,fruit30_split/val/石榴/89.jpg
-0.085956804,27.118202,砂糖橘,砂糖橘,fruit30_split/val/砂糖橘/101.jpg
6.3451133,29.970324,砂糖橘,柚子,fruit30_split/val/砂糖橘/103.jpg
19.846111,7.0949717,砂糖橘,砂糖橘,fruit30_split/val/砂糖橘/104.jpg
-3.010951,24.31677,砂糖橘,砂糖橘,fruit30_split/val/砂糖橘/110.jpg
15.02875,13.575289,砂糖橘,砂糖橘,fruit30_split/val/砂糖橘/112.jpg
28.864534,-25.221859,砂糖橘,砂糖橘,fruit30_split/val/砂糖橘/113.jpg
19.639814,7.615037,砂糖橘,砂糖橘,fruit30_split/val/砂糖橘/128.jpg
-35.5744,-12.646131,砂糖橘,砂糖橘,fruit30_split/val/砂糖橘/130.jpg
-0.417611,29.308134,砂糖橘,砂糖橘,fruit30_split/val/砂糖橘/132.jpg
1.0531301,27.709034,砂糖橘,砂糖橘,fruit30_split/val/砂糖橘/155.png
-3.7634726,26.534283,砂糖橘,砂糖橘,fruit30_split/val/砂糖橘/163.jpg
1.7753905,21.631367,砂糖橘,砂糖橘,fruit30_split/val/砂糖橘/164.jpg
-2.8147075,24.089315,砂糖橘,砂糖橘,fruit30_split/val/砂糖橘/177.jpg
29.101982,-24.938423,砂糖橘,砂糖橘,fruit30_split/val/砂糖橘/180.jpg
-1.9651839,16.005785,砂糖橘,砂糖橘,fruit30_split/val/砂糖橘/183.jpg
13.891757,13.786357,砂糖橘,芒果,fruit30_split/val/砂糖橘/193.jpg
-0.5472683,26.621792,砂糖橘,砂糖橘,fruit30_split/val/砂糖橘/194.jpg
6.3414955,29.05298,砂糖橘,砂糖橘,fruit30_split/val/砂糖橘/25.jpg
1.9846315,23.927448,砂糖橘,砂糖橘,fruit30_split/val/砂糖橘/28.jpg
-5.228099,20.236626,砂糖橘,砂糖橘,fruit30_split/val/砂糖橘/29.jpg
0.30990627,22.961718,砂糖橘,砂糖橘,fruit30_split/val/砂糖橘/35.jpg
1.2787817,23.830235,砂糖橘,砂糖橘,fruit30_split/val/砂糖橘/38.png
0.6307743,21.172197,砂糖橘,砂糖橘,fruit30_split/val/砂糖橘/43.jpeg
-6.1746426,24.40198,砂糖橘,脐橙,fruit30_split/val/砂糖橘/44.jpg
15.973376,12.383978,砂糖橘,砂糖橘,fruit30_split/val/砂糖橘/49.jpg
15.827193,13.8681755,砂糖橘,砂糖橘,fruit30_split/val/砂糖橘/5.jpg
1.440508,22.279963,砂糖橘,砂糖橘,fruit30_split/val/砂糖橘/55.jpg
-35.07092,-11.442176,砂糖橘,脐橙,fruit30_split/val/砂糖橘/58.jpg
-0.82677376,25.740364,砂糖橘,砂糖橘,fruit30_split/val/砂糖橘/6.png
-3.322324,28.492064,砂糖橘,砂糖橘,fruit30_split/val/砂糖橘/60.jpg
1.2125329,12.724338,砂糖橘,砂糖橘,fruit30_split/val/砂糖橘/62.jpg
-34.972492,-13.54998,砂糖橘,砂糖橘,fruit30_split/val/砂糖橘/63.jpg
-3.0856838,26.637386,砂糖橘,砂糖橘,fruit30_split/val/砂糖橘/77.jpeg
-1.8529385,20.912676,砂糖橘,砂糖橘,fruit30_split/val/砂糖橘/78.jpg
-7.4520144,19.71527,砂糖橘,脐橙,fruit30_split/val/砂糖橘/97.jpeg
-6.0136766,41.01505,胡萝卜,胡萝卜,fruit30_split/val/胡萝卜/10.jpg
0.47462952,-9.540443,胡萝卜,胡萝卜,fruit30_split/val/胡萝卜/106.jpg
-4.48368,-24.74249,胡萝卜,胡萝卜,fruit30_split/val/胡萝卜/108.jpg
2.4569576,-1.9345089,胡萝卜,胡萝卜,fruit30_split/val/胡萝卜/11.jpg
-6.2378535,-22.212152,胡萝卜,胡萝卜,fruit30_split/val/胡萝卜/111.jpg
3.5695066,-4.2254148,胡萝卜,胡萝卜,fruit30_split/val/胡萝卜/114.jpeg
-5.751001,42.232643,胡萝卜,胡萝卜,fruit30_split/val/胡萝卜/116.jpg
1.8587197,-11.592525,胡萝卜,胡萝卜,fruit30_split/val/胡萝卜/121.jpg
-4.992041,-28.001245,胡萝卜,胡萝卜,fruit30_split/val/胡萝卜/128.jpg
25.36187,-2.298795,胡萝卜,胡萝卜,fruit30_split/val/胡萝卜/138.jpg
2.2145405,-4.759821,胡萝卜,胡萝卜,fruit30_split/val/胡萝卜/150.jpg
1.0651389,-4.112602,胡萝卜,胡萝卜,fruit30_split/val/胡萝卜/160.jpg
-5.6925163,-23.929142,胡萝卜,胡萝卜,fruit30_split/val/胡萝卜/167.jpg
0.36706436,-7.240459,胡萝卜,胡萝卜,fruit30_split/val/胡萝卜/175.jpg
4.605952,-8.78394,胡萝卜,胡萝卜,fruit30_split/val/胡萝卜/181.jpg
5.757274,-3.378558,胡萝卜,胡萝卜,fruit30_split/val/胡萝卜/186.jpeg
20.570362,28.265429,胡萝卜,西瓜,fruit30_split/val/胡萝卜/188.jpg
-4.934052,-23.8552,胡萝卜,胡萝卜,fruit30_split/val/胡萝卜/19.jpg
5.7914534,-1.9300771,胡萝卜,芒果,fruit30_split/val/胡萝卜/192.jpg
-12.7391205,35.063854,胡萝卜,黄瓜,fruit30_split/val/胡萝卜/196.jpg
-4.090094,-22.826185,胡萝卜,胡萝卜,fruit30_split/val/胡萝卜/20.jpg
16.326202,18.37297,胡萝卜,芒果,fruit30_split/val/胡萝卜/21.jpg
3.6923327,-1.80415,胡萝卜,胡萝卜,fruit30_split/val/胡萝卜/23.jpeg
5.0897107,-5.104057,胡萝卜,胡萝卜,fruit30_split/val/胡萝卜/30.jpg
1.0422257,-7.106552,胡萝卜,胡萝卜,fruit30_split/val/胡萝卜/35.jpg
-4.531839,-25.928188,胡萝卜,胡萝卜,fruit30_split/val/胡萝卜/57.jpg
3.2326035,-5.6201105,胡萝卜,胡萝卜,fruit30_split/val/胡萝卜/61.jpg
3.2691557,-4.578483,胡萝卜,胡萝卜,fruit30_split/val/胡萝卜/63.jpg
-0.014475535,-7.84404,胡萝卜,胡萝卜,fruit30_split/val/胡萝卜/65.jpg
-6.457527,-24.741814,胡萝卜,胡萝卜,fruit30_split/val/胡萝卜/75.jpg
-2.5228717,-23.50036,胡萝卜,胡萝卜,fruit30_split/val/胡萝卜/76.jpg
-4.818775,-21.931337,胡萝卜,胡萝卜,fruit30_split/val/胡萝卜/80.jpg
16.156141,6.7846413,胡萝卜,胡萝卜,fruit30_split/val/胡萝卜/83.jpg
4.7588687,-2.5534406,胡萝卜,胡萝卜,fruit30_split/val/胡萝卜/85.jpg
-4.3375735,-17.782263,胡萝卜,胡萝卜,fruit30_split/val/胡萝卜/87.jpeg
-5.9776845,41.143223,胡萝卜,胡萝卜,fruit30_split/val/胡萝卜/95.jpg
35.109272,-15.078662,脐橙,脐橙,fruit30_split/val/脐橙/101.jpg
-7.651896,25.856697,脐橙,脐橙,fruit30_split/val/脐橙/105.jpg
17.200087,14.222218,脐橙,脐橙,fruit30_split/val/脐橙/109.jpg
-5.842728,19.632019,脐橙,脐橙,fruit30_split/val/脐橙/123.jpg
-4.0032682,20.613424,脐橙,脐橙,fruit30_split/val/脐橙/124.jpg
-7.641174,-30.036873,脐橙,胡萝卜,fruit30_split/val/脐橙/13.jpg
-6.0100017,19.186213,脐橙,脐橙,fruit30_split/val/脐橙/135.jpg
-6.554599,21.006235,脐橙,脐橙,fruit30_split/val/脐橙/142.jpg
-8.660982,21.280201,脐橙,脐橙,fruit30_split/val/脐橙/145.jpg
3.2642164,13.069226,脐橙,砂糖橘,fruit30_split/val/脐橙/147.jpg
21.54821,13.348599,脐橙,柠檬,fruit30_split/val/脐橙/148.jpg
22.615063,9.960938,脐橙,柠檬,fruit30_split/val/脐橙/155.jpg
-7.8116493,-30.564886,脐橙,脐橙,fruit30_split/val/脐橙/16.jpg
-4.5297832,23.502361,脐橙,砂糖橘,fruit30_split/val/脐橙/161.jpg
-0.5215447,13.207886,脐橙,砂糖橘,fruit30_split/val/脐橙/162.jpg
18.460957,13.232584,脐橙,脐橙,fruit30_split/val/脐橙/168.jpeg
-7.313446,20.560469,脐橙,脐橙,fruit30_split/val/脐橙/173.jpg
18.716597,12.060131,脐橙,脐橙,fruit30_split/val/脐橙/178.jpg
-36.51271,-12.898889,脐橙,脐橙,fruit30_split/val/脐橙/179.jpg
-6.8023276,25.008995,脐橙,脐橙,fruit30_split/val/脐橙/181.jpg
20.677107,19.351173,脐橙,脐橙,fruit30_split/val/脐橙/184.jpg
-6.466177,22.164362,脐橙,脐橙,fruit30_split/val/脐橙/185.jpg
20.089874,13.2342415,脐橙,脐橙,fruit30_split/val/脐橙/19.jpg
-1.1380255,28.139881,脐橙,砂糖橘,fruit30_split/val/脐橙/191.jpg
-8.003473,22.91956,脐橙,脐橙,fruit30_split/val/脐橙/21.jpg
-9.931965,-29.951048,脐橙,桂圆,fruit30_split/val/脐橙/29.jpeg
-7.6559086,-29.853592,脐橙,脐橙,fruit30_split/val/脐橙/3.jpg
-7.688552,22.434628,脐橙,脐橙,fruit30_split/val/脐橙/36.jpeg
-4.053444,22.213581,脐橙,脐橙,fruit30_split/val/脐橙/46.jpg
-9.392588,20.150326,脐橙,脐橙,fruit30_split/val/脐橙/51.jpg
34.047897,-16.554811,脐橙,脐橙,fruit30_split/val/脐橙/54.jpg
19.510933,13.956151,脐橙,脐橙,fruit30_split/val/脐橙/59.jpeg
-4.2497725,18.697199,脐橙,脐橙,fruit30_split/val/脐橙/60.jpg
-10.629517,22.341206,脐橙,脐橙,fruit30_split/val/脐橙/62.jpg
19.699366,9.66309,脐橙,脐橙,fruit30_split/val/脐橙/66.jpg
2.434954,30.439548,脐橙,梨,fruit30_split/val/脐橙/67.jpg
5.347017,-15.920776,脐橙,砂糖橘,fruit30_split/val/脐橙/75.jpg
5.233531,5.914911,芒果,芒果,fruit30_split/val/芒果/1.jpg
14.146637,30.367662,芒果,柚子,fruit30_split/val/芒果/101.jpg
19.68147,21.420511,芒果,芒果,fruit30_split/val/芒果/108.jpeg
31.821846,-17.022326,芒果,芒果,fruit30_split/val/芒果/110.jpg
17.842222,20.017477,芒果,芒果,fruit30_split/val/芒果/111.jpg
38.39676,28.413109,芒果,芒果,fruit30_split/val/芒果/152.jpg
35.852795,-23.321272,芒果,芒果,fruit30_split/val/芒果/167.jpg
18.298183,17.520624,芒果,芒果,fruit30_split/val/芒果/172.jpg
-12.840474,-44.708572,芒果,芒果,fruit30_split/val/芒果/173.jpeg
-1.7736706,33.37293,芒果,芒果,fruit30_split/val/芒果/176.jpeg
-12.124563,18.124199,芒果,芒果,fruit30_split/val/芒果/177.jpeg
7.1210375,11.326351,芒果,芒果,fruit30_split/val/芒果/18.jpg
-12.840524,-44.708504,芒果,芒果,fruit30_split/val/芒果/182.jpeg
-1.7736706,33.37293,芒果,芒果,fruit30_split/val/芒果/185.jpeg
14.69049,0.5247887,芒果,芒果,fruit30_split/val/芒果/187.jpg
5.2894583,5.419572,芒果,芒果,fruit30_split/val/芒果/189.jpg
-6.0735545,26.107414,芒果,芒果,fruit30_split/val/芒果/198.jpg
-11.411367,9.211279,芒果,芒果,fruit30_split/val/芒果/199.jpeg
37.553883,24.416685,芒果,芒果,fruit30_split/val/芒果/21.jpg
40.417465,26.38024,芒果,芒果,fruit30_split/val/芒果/23.jpg
36.861214,28.056068,芒果,芒果,fruit30_split/val/芒果/24.jpg
4.093259,-1.1612883,芒果,西红柿,fruit30_split/val/芒果/30.jpg
22.940125,-4.0108232,芒果,芒果,fruit30_split/val/芒果/36.jpg
39.379776,27.2448,芒果,芒果,fruit30_split/val/芒果/40.jpg
38.4728,28.886555,芒果,芒果,fruit30_split/val/芒果/47.jpg
14.146637,30.367662,芒果,柚子,fruit30_split/val/芒果/55.jpg
8.036818,-13.498051,芒果,榴莲,fruit30_split/val/芒果/58.jpg
38.31106,24.458694,芒果,芒果,fruit30_split/val/芒果/6.jpg
14.98928,15.735566,芒果,芒果,fruit30_split/val/芒果/66.jpg
40.562515,23.991657,芒果,芒果,fruit30_split/val/芒果/73.jpg
2.3421702,14.324358,芒果,芒果,fruit30_split/val/芒果/8.jpg
0.5571704,0.51309216,芒果,菠萝,fruit30_split/val/芒果/90.jpg
1.8607259,6.5133476,芒果,梨,fruit30_split/val/芒果/95.jpg
-3.8391168,-32.48484,苦瓜,黄瓜,fruit30_split/val/苦瓜/105.jpg
10.821956,-26.372862,苦瓜,黄瓜,fruit30_split/val/苦瓜/107.jpeg
0.4524449,-30.947489,苦瓜,苦瓜,fruit30_split/val/苦瓜/122.jpg
-0.8902839,-30.485506,苦瓜,苦瓜,fruit30_split/val/苦瓜/126.jpg
0.9126485,-31.465843,苦瓜,苦瓜,fruit30_split/val/苦瓜/134.jpg
1.8160977,-14.407273,苦瓜,苦瓜,fruit30_split/val/苦瓜/135.jpeg
-2.8992226,-31.641846,苦瓜,苦瓜,fruit30_split/val/苦瓜/136.jpg
-5.231904,-32.511005,苦瓜,苦瓜,fruit30_split/val/苦瓜/148.jpg
5.602949,-23.199762,苦瓜,苦瓜,fruit30_split/val/苦瓜/150.jpg
-4.311242,-31.818089,苦瓜,苦瓜,fruit30_split/val/苦瓜/154.jpg
5.606092,-22.110092,苦瓜,苦瓜,fruit30_split/val/苦瓜/158.jpg
-0.65937376,-13.800607,苦瓜,西瓜,fruit30_split/val/苦瓜/161.jpg
-0.7031051,-13.923608,苦瓜,西瓜,fruit30_split/val/苦瓜/167.jpg
2.0328605,-28.138338,苦瓜,苦瓜,fruit30_split/val/苦瓜/171.jpg
1.457965,-16.383968,苦瓜,苦瓜,fruit30_split/val/苦瓜/175.jpg
2.6902215,-21.322926,苦瓜,苦瓜,fruit30_split/val/苦瓜/183.jpg
2.5830033,-24.990454,苦瓜,苦瓜,fruit30_split/val/苦瓜/185.jpeg
2.3982565,-17.007421,苦瓜,苦瓜,fruit30_split/val/苦瓜/188.jpg
3.6233923,-25.722649,苦瓜,苦瓜,fruit30_split/val/苦瓜/19.jpg
-2.1244006,-14.146801,苦瓜,苦瓜,fruit30_split/val/苦瓜/193.jpg
-16.711437,17.591682,苦瓜,桂圆,fruit30_split/val/苦瓜/194.jpg
5.3972974,-24.954535,苦瓜,苦瓜,fruit30_split/val/苦瓜/20.jpg
-2.359648,-32.339108,苦瓜,苦瓜,fruit30_split/val/苦瓜/21.jpg
3.7668855,-23.404737,苦瓜,苦瓜,fruit30_split/val/苦瓜/29.jpeg
-8.111693,-18.023272,苦瓜,菠萝,fruit30_split/val/苦瓜/4.jpg
1.2072972,-23.867702,苦瓜,苦瓜,fruit30_split/val/苦瓜/41.jpeg
4.8856745,-23.884401,苦瓜,苦瓜,fruit30_split/val/苦瓜/43.jpg
-0.8460749,-18.138632,苦瓜,苦瓜,fruit30_split/val/苦瓜/48.jpg
5.3773956,-26.21239,苦瓜,黄瓜,fruit30_split/val/苦瓜/53.jpg
-0.6154131,-16.507141,苦瓜,黄瓜,fruit30_split/val/苦瓜/69.jpg
0.43634713,-17.569242,苦瓜,苦瓜,fruit30_split/val/苦瓜/7.jpg
7.075277,-35.28626,苦瓜,苦瓜,fruit30_split/val/苦瓜/72.jpg
-20.599525,-8.032818,苦瓜,黄瓜,fruit30_split/val/苦瓜/80.jpg
2.07178,-18.765686,苦瓜,苦瓜,fruit30_split/val/苦瓜/81.jpeg
1.0485919,-17.255915,苦瓜,苦瓜,fruit30_split/val/苦瓜/95.jpg
-15.312534,11.7245455,苹果-红,葡萄-红,fruit30_split/val/苹果-红/10.jpg
31.166254,-11.061965,苹果-红,苹果-红,fruit30_split/val/苹果-红/107.jpg
26.522854,-17.67127,苹果-红,苹果-红,fruit30_split/val/苹果-红/109.jpg
28.525286,-11.806586,苹果-红,苹果-红,fruit30_split/val/苹果-红/110.jpg
21.522911,-15.95666,苹果-红,苹果-红,fruit30_split/val/苹果-红/114.jpg
30.150831,-20.36628,苹果-红,苹果-红,fruit30_split/val/苹果-红/119.jpg
-13.071084,9.199558,苹果-红,葡萄-红,fruit30_split/val/苹果-红/12.jpg
24.278559,-21.199892,苹果-红,苹果-红,fruit30_split/val/苹果-红/124.jpg
28.640398,-10.749015,苹果-红,苹果-红,fruit30_split/val/苹果-红/128.jpg
25.868864,-22.04786,苹果-红,苹果-红,fruit30_split/val/苹果-红/13.jpg
42.06176,5.087138,苹果-红,苹果-红,fruit30_split/val/苹果-红/133.jpg
30.262611,-18.369898,苹果-红,苹果-红,fruit30_split/val/苹果-红/134.jpg
30.052647,-13.329469,苹果-红,苹果-红,fruit30_split/val/苹果-红/139.jpg
28.453966,-17.996687,苹果-红,苹果-红,fruit30_split/val/苹果-红/140.jpg
26.243687,-18.35392,苹果-红,苹果-红,fruit30_split/val/苹果-红/158.jpg
28.823303,-10.1637945,苹果-红,苹果-红,fruit30_split/val/苹果-红/163.jpg
26.340185,-21.604467,苹果-红,苹果-红,fruit30_split/val/苹果-红/166.jpg
26.95299,-20.453428,苹果-红,苹果-红,fruit30_split/val/苹果-红/169.jpg
27.44615,-17.84681,苹果-红,苹果-红,fruit30_split/val/苹果-红/172.jpg
29.123028,-16.354397,苹果-红,苹果-红,fruit30_split/val/苹果-红/177.jpg
27.866379,-19.393291,苹果-红,苹果-红,fruit30_split/val/苹果-红/18.jpg
25.31267,-13.668743,苹果-红,苹果-红,fruit30_split/val/苹果-红/180.jpg
23.161753,-14.4726095,苹果-红,苹果-红,fruit30_split/val/苹果-红/21.jpg
22.240673,-16.487597,苹果-红,苹果-红,fruit30_split/val/苹果-红/24.jpg
23.65224,-14.572872,苹果-红,苹果-红,fruit30_split/val/苹果-红/26.jpg
23.015858,-18.090876,苹果-红,苹果-红,fruit30_split/val/苹果-红/27.jpg
-7.926135,12.611851,苹果-红,苹果-红,fruit30_split/val/苹果-红/47.jpg
-11.341663,34.815758,苹果-红,葡萄-红,fruit30_split/val/苹果-红/62.jpg
-13.765635,10.810949,苹果-红,苹果-红,fruit30_split/val/苹果-红/72.jpg
25.251308,-17.741499,苹果-红,苹果-红,fruit30_split/val/苹果-红/74.jpg
18.167028,25.414612,苹果-红,苹果-红,fruit30_split/val/苹果-红/75.jpg
10.662053,35.42704,苹果-红,苹果-红,fruit30_split/val/苹果-红/78.jpg
31.225311,-12.886541,苹果-红,苹果-红,fruit30_split/val/苹果-红/79.jpg
-12.03057,11.919358,苹果-红,石榴,fruit30_split/val/苹果-红/80.jpg
22.974663,-19.003258,苹果-红,苹果-红,fruit30_split/val/苹果-红/9.jpg
16.60564,-0.88382626,苹果-青,苹果-青,fruit30_split/val/苹果-青/104.jpg
18.398188,-2.3265302,苹果-青,苹果-青,fruit30_split/val/苹果-青/112.jpg
-0.9010245,9.376964,苹果-青,苹果-青,fruit30_split/val/苹果-青/113.jpg
15.161186,-7.2636213,苹果-青,苹果-青,fruit30_split/val/苹果-青/117.jpg
18.072495,-4.8290462,苹果-青,苹果-青,fruit30_split/val/苹果-青/13.jpg
-5.4548993,12.8424635,苹果-青,苹果-青,fruit30_split/val/苹果-青/135.jpg
-17.883202,22.783363,苹果-青,苹果-青,fruit30_split/val/苹果-青/146.jpg
-6.0267324,-13.436392,苹果-青,苹果-青,fruit30_split/val/苹果-青/152.jpg
18.45916,1.0713767,苹果-青,苹果-青,fruit30_split/val/苹果-青/155.jpg
18.106121,-6.252104,苹果-青,苹果-青,fruit30_split/val/苹果-青/156.jpg
-6.0511613,-13.883491,苹果-青,苹果-青,fruit30_split/val/苹果-青/157.jpg
18.68838,-10.582151,苹果-青,苹果-青,fruit30_split/val/苹果-青/158.jpg
18.691557,-10.59757,苹果-青,苹果-青,fruit30_split/val/苹果-青/159.jpg
6.926946,-20.124023,苹果-青,苹果-青,fruit30_split/val/苹果-青/162.jpg
16.757881,-8.405931,苹果-青,苹果-青,fruit30_split/val/苹果-青/164.jpg
19.618517,-2.4610608,苹果-青,苹果-青,fruit30_split/val/苹果-青/167.jpeg
3.7226737,37.170925,苹果-青,苹果-青,fruit30_split/val/苹果-青/168.jpg
3.8129308,21.737482,苹果-青,苹果-青,fruit30_split/val/苹果-青/17.jpg
18.246584,-0.6802398,苹果-青,苹果-青,fruit30_split/val/苹果-青/173.jpg
-17.239935,24.612185,苹果-青,苹果-青,fruit30_split/val/苹果-青/177.jpg
15.472371,-1.8761609,苹果-青,苹果-青,fruit30_split/val/苹果-青/185.jpg
17.278318,-0.9614578,苹果-青,苹果-青,fruit30_split/val/苹果-青/189.jpg
-16.925425,22.326809,苹果-青,苹果-青,fruit30_split/val/苹果-青/192.jpeg
19.174656,-0.4747002,苹果-青,苹果-青,fruit30_split/val/苹果-青/193.jpg
20.451738,-7.4146886,苹果-青,苹果-青,fruit30_split/val/苹果-青/200.jpg
16.660078,-4.463806,苹果-青,苹果-青,fruit30_split/val/苹果-青/25.jpg
17.480593,-7.7575345,苹果-青,苹果-青,fruit30_split/val/苹果-青/27.jpeg
-15.078428,22.791052,苹果-青,苹果-青,fruit30_split/val/苹果-青/3.jpg
17.444473,-5.990133,苹果-青,苹果-青,fruit30_split/val/苹果-青/32.jpg
15.464625,-4.5479608,苹果-青,苹果-青,fruit30_split/val/苹果-青/41.jpg
3.735275,37.131107,苹果-青,苹果-青,fruit30_split/val/苹果-青/51.jpg
-17.9089,24.747404,苹果-青,苹果-青,fruit30_split/val/苹果-青/62.jpg
17.794994,-3.1018536,苹果-青,苹果-青,fruit30_split/val/苹果-青/65.jpg
-17.263025,23.99824,苹果-青,苹果-青,fruit30_split/val/苹果-青/67.jpg
19.483341,-5.1789374,苹果-青,苹果-青,fruit30_split/val/苹果-青/78.jpg
19.666155,-6.398202,苹果-青,苹果-青,fruit30_split/val/苹果-青/79.jpg
15.820449,-3.8038309,苹果-青,苹果-青,fruit30_split/val/苹果-青/95.jpg
-22.901045,-21.019321,草莓,草莓,fruit30_split/val/草莓/101.jpeg
31.774054,-0.26533756,草莓,草莓,fruit30_split/val/草莓/110.jpg
25.793991,22.522568,草莓,草莓,fruit30_split/val/草莓/113.jpg
-15.651679,-24.683334,草莓,草莓,fruit30_split/val/草莓/116.jpg
-19.119312,-35.127052,草莓,草莓,fruit30_split/val/草莓/124.jpg
-18.222536,-24.935324,草莓,草莓,fruit30_split/val/草莓/127.jpg
-18.765465,-34.39531,草莓,草莓,fruit30_split/val/草莓/138.jpeg
-19.729868,-31.659988,草莓,草莓,fruit30_split/val/草莓/140.jpg
-40.08319,2.1274486,草莓,草莓,fruit30_split/val/草莓/151.jpg
-21.18412,-23.460167,草莓,草莓,fruit30_split/val/草莓/152.jpg
-20.499691,-22.60006,草莓,草莓,fruit30_split/val/草莓/155.jpg
-21.318062,-27.743753,草莓,草莓,fruit30_split/val/草莓/157.jpg
-18.318453,-21.830599,草莓,草莓,fruit30_split/val/草莓/166.jpeg
20.418554,31.690727,草莓,草莓,fruit30_split/val/草莓/180.jpg
-20.217205,-20.632301,草莓,草莓,fruit30_split/val/草莓/182.jpg
-18.39074,-28.287668,草莓,杨梅,fruit30_split/val/草莓/188.jpg
-15.273222,-20.484983,草莓,草莓,fruit30_split/val/草莓/192.jpg
-20.438293,-25.533867,草莓,草莓,fruit30_split/val/草莓/196.jpg
-21.595379,-22.216793,草莓,草莓,fruit30_split/val/草莓/199.jpg
-19.616451,-24.608763,草莓,草莓,fruit30_split/val/草莓/22.jpg
-15.717729,-27.91988,草莓,草莓,fruit30_split/val/草莓/29.jpg
-21.720467,-20.137112,草莓,草莓,fruit30_split/val/草莓/31.jpg
-21.12304,-33.700325,草莓,草莓,fruit30_split/val/草莓/34.jpg
-25.301376,-32.64058,草莓,草莓,fruit30_split/val/草莓/35.jpg
-23.025343,-25.416578,草莓,草莓,fruit30_split/val/草莓/40.jpg
-22.202032,-23.962812,草莓,草莓,fruit30_split/val/草莓/47.jpg
-22.39235,-23.125193,草莓,草莓,fruit30_split/val/草莓/56.jpeg
-20.859142,-31.000648,草莓,草莓,fruit30_split/val/草莓/66.jpg
-14.985871,-20.03073,草莓,草莓,fruit30_split/val/草莓/67.jpg
-25.24833,-32.631355,草莓,草莓,fruit30_split/val/草莓/69.jpg
29.571432,26.611814,草莓,西瓜,fruit30_split/val/草莓/73.jpg
-15.634851,-28.006508,草莓,草莓,fruit30_split/val/草莓/76.jpg
-22.11149,-27.484734,草莓,草莓,fruit30_split/val/草莓/78.jpeg
30.928185,-1.0360736,草莓,西红柿,fruit30_split/val/草莓/8.jpg
-22.38444,-20.951996,草莓,草莓,fruit30_split/val/草莓/82.jpg
-19.606707,-33.521202,草莓,草莓,fruit30_split/val/草莓/83.jpeg
-19.471931,-23.377722,草莓,草莓,fruit30_split/val/草莓/88.jpg
-21.575583,-29.286785,草莓,草莓,fruit30_split/val/草莓/92.jpg
11.081345,-5.6365423,荔枝,荔枝,fruit30_split/val/荔枝/103.jpg
-36.866665,-20.507513,荔枝,荔枝,fruit30_split/val/荔枝/109.jpeg
4.4811172,18.706732,荔枝,荔枝,fruit30_split/val/荔枝/11.jpeg
19.270847,-14.334981,荔枝,荔枝,fruit30_split/val/荔枝/110.jpg
-35.66802,-15.499899,荔枝,杨梅,fruit30_split/val/荔枝/113.jpg
4.1098866,17.237364,荔枝,荔枝,fruit30_split/val/荔枝/12.jpg
-34.06829,-22.012972,荔枝,荔枝,fruit30_split/val/荔枝/128.jpg
-24.87245,-20.252048,荔枝,荔枝,fruit30_split/val/荔枝/130.jpg
-25.16617,-23.052723,荔枝,荔枝,fruit30_split/val/荔枝/139.jpg
11.839689,-4.316889,荔枝,荔枝,fruit30_split/val/荔枝/144.jpg
-25.662077,-15.144333,荔枝,荔枝,fruit30_split/val/荔枝/153.jpg
-25.45263,-16.912579,荔枝,荔枝,fruit30_split/val/荔枝/16.jpeg
-12.684747,-33.138794,荔枝,草莓,fruit30_split/val/荔枝/164.jpg
-31.036894,-19.022038,荔枝,荔枝,fruit30_split/val/荔枝/166.jpg
13.771331,4.000754,荔枝,荔枝,fruit30_split/val/荔枝/167.jpg
-29.438799,-20.90204,荔枝,荔枝,fruit30_split/val/荔枝/170.jpg
-35.394314,-26.447931,荔枝,荔枝,fruit30_split/val/荔枝/185.jpg
-25.866543,-19.915503,荔枝,荔枝,fruit30_split/val/荔枝/186.jpg
-24.173203,-15.753042,荔枝,荔枝,fruit30_split/val/荔枝/193.jpg
-21.940975,1.9474728,荔枝,荔枝,fruit30_split/val/荔枝/196.jpeg
-26.340988,-13.179607,荔枝,荔枝,fruit30_split/val/荔枝/22.jpg
-29.333065,-21.17566,荔枝,荔枝,fruit30_split/val/荔枝/24.jpg
-28.630007,-15.341143,荔枝,荔枝,fruit30_split/val/荔枝/30.jpg
-25.26135,-18.197874,荔枝,荔枝,fruit30_split/val/荔枝/34.jpeg
-27.353754,-23.023233,荔枝,荔枝,fruit30_split/val/荔枝/43.jpg
-33.06552,-17.454351,荔枝,荔枝,fruit30_split/val/荔枝/47.jpg
-25.674862,-18.833761,荔枝,荔枝,fruit30_split/val/荔枝/49.jpg
-27.060417,-15.141464,荔枝,荔枝,fruit30_split/val/荔枝/55.jpg
-30.342468,-20.299854,荔枝,荔枝,fruit30_split/val/荔枝/58.jpeg
-23.845266,-17.909826,荔枝,荔枝,fruit30_split/val/荔枝/6.jpg
-33.100563,-18.430563,荔枝,荔枝,fruit30_split/val/荔枝/62.jpg
-30.83478,-31.595774,荔枝,荔枝,fruit30_split/val/荔枝/66.jpg
-25.755543,-25.785723,荔枝,荔枝,fruit30_split/val/荔枝/70.jpg
-26.951641,-24.03511,荔枝,荔枝,fruit30_split/val/荔枝/72.jpg
-27.556223,-17.54778,荔枝,荔枝,fruit30_split/val/荔枝/73.jpg
-27.170712,-14.650502,荔枝,荔枝,fruit30_split/val/荔枝/84.jpg
-27.682955,-22.50079,荔枝,荔枝,fruit30_split/val/荔枝/89.jpg
-34.75655,-15.265188,荔枝,杨梅,fruit30_split/val/荔枝/91.jpeg
29.33295,6.703651,菠萝,菠萝,fruit30_split/val/菠萝/105.jpg
45.30482,-15.804254,菠萝,菠萝,fruit30_split/val/菠萝/107.jpeg
7.035973,-14.721867,菠萝,菠萝,fruit30_split/val/菠萝/108.jpeg
7.753868,-11.453384,菠萝,哈密瓜,fruit30_split/val/菠萝/115.jpg
43.669815,-12.57944,菠萝,菠萝,fruit30_split/val/菠萝/132.jpg
46.729336,-23.414824,菠萝,菠萝,fruit30_split/val/菠萝/134.jpeg
4.8274484,-13.490022,菠萝,芒果,fruit30_split/val/菠萝/135.jpg
7.6242943,-6.6764474,菠萝,菠萝,fruit30_split/val/菠萝/14.jpg
-10.286054,-32.342094,菠萝,桂圆,fruit30_split/val/菠萝/143.jpeg
47.52574,-19.402893,菠萝,菠萝,fruit30_split/val/菠萝/151.jpg
41.973927,-10.225498,菠萝,菠萝,fruit30_split/val/菠萝/155.jpg
50.253494,-19.769794,菠萝,菠萝,fruit30_split/val/菠萝/16.jpeg
48.214703,-19.933807,菠萝,菠萝,fruit30_split/val/菠萝/161.jpeg
41.44777,-18.056873,菠萝,菠萝,fruit30_split/val/菠萝/168.jpg
21.838663,7.921299,菠萝,脐橙,fruit30_split/val/菠萝/17.jpg
45.558086,-13.196835,菠萝,菠萝,fruit30_split/val/菠萝/171.jpg
47.74172,-17.732256,菠萝,菠萝,fruit30_split/val/菠萝/172.jpg
47.248272,-14.989266,菠萝,菠萝,fruit30_split/val/菠萝/174.jpg
50.33663,-21.189426,菠萝,菠萝,fruit30_split/val/菠萝/179.jpg
4.6763706,-12.740018,菠萝,黄瓜,fruit30_split/val/菠萝/183.jpeg
47.227406,-23.233322,菠萝,菠萝,fruit30_split/val/菠萝/188.jpg
46.339207,-18.628757,菠萝,菠萝,fruit30_split/val/菠萝/190.jpg
6.736373,-13.870654,菠萝,菠萝,fruit30_split/val/菠萝/195.jpg
48.61401,-15.145232,菠萝,榴莲,fruit30_split/val/菠萝/24.jpg
47.8122,-18.992071,菠萝,菠萝,fruit30_split/val/菠萝/26.jpg
48.75774,-18.45167,菠萝,菠萝,fruit30_split/val/菠萝/30.jpg
46.545166,-20.251,菠萝,菠萝,fruit30_split/val/菠萝/35.jpeg
47.526096,-21.393255,菠萝,菠萝,fruit30_split/val/菠萝/40.jpg
50.018303,-18.400139,菠萝,菠萝,fruit30_split/val/菠萝/41.jpeg
45.807854,-24.68448,菠萝,菠萝,fruit30_split/val/菠萝/52.jpg
46.562874,-13.372824,菠萝,菠萝,fruit30_split/val/菠萝/55.jpeg
23.93274,22.575138,菠萝,芒果,fruit30_split/val/菠萝/72.jpg
41.26768,-10.1264515,菠萝,菠萝,fruit30_split/val/菠萝/79.jpg
48.867584,-20.882498,菠萝,菠萝,fruit30_split/val/菠萝/8.jpg
42.478004,-10.624988,菠萝,菠萝,fruit30_split/val/菠萝/97.jpg
45.638016,-10.456643,菠萝,菠萝,fruit30_split/val/菠萝/98.jpg
-5.468809,-30.002087,菠萝,菠萝,fruit30_split/val/菠萝/99.png
-14.181378,-13.507462,葡萄-白,葡萄-白,fruit30_split/val/葡萄-白/101.jpg
-16.327145,-7.203135,葡萄-白,葡萄-红,fruit30_split/val/葡萄-白/102.jpg
-12.676936,-10.932491,葡萄-白,葡萄-白,fruit30_split/val/葡萄-白/105.jpg
-10.882582,-6.410198,葡萄-白,葡萄-白,fruit30_split/val/葡萄-白/117.jpeg
-13.051832,-9.470398,葡萄-白,葡萄-白,fruit30_split/val/葡萄-白/122.jpg
-17.2768,-12.3762665,葡萄-白,葡萄-白,fruit30_split/val/葡萄-白/124.jpg
-6.8275976,-11.657614,葡萄-白,苹果-青,fruit30_split/val/葡萄-白/125.jpg
-15.0251255,-12.018784,葡萄-白,葡萄-白,fruit30_split/val/葡萄-白/135.jpg
-16.116837,-10.975301,葡萄-白,葡萄-白,fruit30_split/val/葡萄-白/145.jpg
-13.834313,-12.58998,葡萄-白,葡萄-白,fruit30_split/val/葡萄-白/146.jpg
-13.942962,-7.4400654,葡萄-白,葡萄-白,fruit30_split/val/葡萄-白/15.jpg
25.174768,-27.949137,葡萄-白,葡萄-白,fruit30_split/val/葡萄-白/159.jpg
-10.343359,-9.728068,葡萄-白,葡萄-白,fruit30_split/val/葡萄-白/164.jpg
-17.319166,-13.140628,葡萄-白,葡萄-白,fruit30_split/val/葡萄-白/165.jpg
-10.297457,-9.734994,葡萄-白,葡萄-白,fruit30_split/val/葡萄-白/167.jpg
-18.371216,-11.454888,葡萄-白,葡萄-白,fruit30_split/val/葡萄-白/185.jpg
-16.350893,-10.4716215,葡萄-白,葡萄-白,fruit30_split/val/葡萄-白/186.jpg
-11.367328,-12.375349,葡萄-白,葡萄-白,fruit30_split/val/葡萄-白/187.jpg
-13.941412,-9.425688,葡萄-白,葡萄-白,fruit30_split/val/葡萄-白/191.jpg
-13.308849,-8.563057,葡萄-白,葡萄-白,fruit30_split/val/葡萄-白/193.jpg
-10.731171,-13.333611,葡萄-白,葡萄-白,fruit30_split/val/葡萄-白/200.jpg
-17.198215,-10.721348,葡萄-白,葡萄-白,fruit30_split/val/葡萄-白/3.jpg
-12.096084,-6.947951,葡萄-白,葡萄-白,fruit30_split/val/葡萄-白/32.jpg
-14.658873,-10.388992,葡萄-白,葡萄-白,fruit30_split/val/葡萄-白/52.jpg
25.186893,-29.975706,葡萄-白,葡萄-白,fruit30_split/val/葡萄-白/54.jpg
-14.508173,-7.9408426,葡萄-白,葡萄-白,fruit30_split/val/葡萄-白/62.jpg
-9.206797,-7.6748347,葡萄-白,葡萄-白,fruit30_split/val/葡萄-白/65.jpg
26.295652,-27.439302,葡萄-白,葡萄-白,fruit30_split/val/葡萄-白/68.jpg
-11.660575,-8.760563,葡萄-白,葡萄-白,fruit30_split/val/葡萄-白/79.jpg
-13.392617,-6.309354,葡萄-白,葡萄-白,fruit30_split/val/葡萄-白/8.jpg
25.97051,-28.077616,葡萄-白,葡萄-白,fruit30_split/val/葡萄-白/88.jpg
-29.509275,-1.8465921,葡萄-红,葡萄-红,fruit30_split/val/葡萄-红/102.jpg
-29.403412,0.33805645,葡萄-红,葡萄-红,fruit30_split/val/葡萄-红/110.jpg
-25.915476,-6.8808174,葡萄-红,葡萄-红,fruit30_split/val/葡萄-红/112.jpg
-26.77506,3.5797706,葡萄-红,葡萄-红,fruit30_split/val/葡萄-红/115.jpg
-30.748476,-1.9887859,葡萄-红,葡萄-红,fruit30_split/val/葡萄-红/13.jpeg
-13.546591,8.090102,葡萄-红,葡萄-红,fruit30_split/val/葡萄-红/152.jpg
-16.707548,-7.367533,葡萄-红,葡萄-红,fruit30_split/val/葡萄-红/156.jpeg
-27.27383,-1.3680099,葡萄-红,葡萄-红,fruit30_split/val/葡萄-红/157.jpg
-32.426952,-2.7811828,葡萄-红,葡萄-红,fruit30_split/val/葡萄-红/16.jpg
-31.453297,-0.1780883,葡萄-红,葡萄-红,fruit30_split/val/葡萄-红/169.jpg
-25.778536,-0.773355,葡萄-红,葡萄-红,fruit30_split/val/葡萄-红/185.jpg
-33.345425,0.7560571,葡萄-红,葡萄-红,fruit30_split/val/葡萄-红/188.jpg
-28.898298,3.2548394,葡萄-红,葡萄-红,fruit30_split/val/葡萄-红/194.jpg
-25.284472,-1.0589093,葡萄-红,葡萄-红,fruit30_split/val/葡萄-红/2.jpg
-28.78169,0.6289425,葡萄-红,葡萄-红,fruit30_split/val/葡萄-红/30.jpg
-33.04553,-1.922485,葡萄-红,葡萄-红,fruit30_split/val/葡萄-红/35.jpg
-33.87568,-1.4931477,葡萄-红,葡萄-红,fruit30_split/val/葡萄-红/39.jpeg
-28.709528,6.475301,葡萄-红,葡萄-红,fruit30_split/val/葡萄-红/46.jpg
-26.785341,-0.020106336,葡萄-红,葡萄-红,fruit30_split/val/葡萄-红/50.jpg
-30.67511,0.058230773,葡萄-红,葡萄-红,fruit30_split/val/葡萄-红/53.png
-27.102577,-3.1890259,葡萄-红,葡萄-红,fruit30_split/val/葡萄-红/56.png
-25.072407,0.82815117,葡萄-红,葡萄-红,fruit30_split/val/葡萄-红/57.jpeg
-39.176426,5.2029448,葡萄-红,葡萄-红,fruit30_split/val/葡萄-红/58.jpg
-26.502293,0.58432585,葡萄-红,葡萄-红,fruit30_split/val/葡萄-红/59.jpg
-26.914648,2.1816885,葡萄-红,葡萄-红,fruit30_split/val/葡萄-红/61.jpg
-32.248196,4.3931127,葡萄-红,葡萄-红,fruit30_split/val/葡萄-红/68.jpg
-27.729809,2.6266782,葡萄-红,葡萄-红,fruit30_split/val/葡萄-红/7.jpg
-32.634377,-3.4611607,葡萄-红,荔枝,fruit30_split/val/葡萄-红/71.jpg
-24.575563,-7.244874,葡萄-红,葡萄-红,fruit30_split/val/葡萄-红/75.jpg
-26.20886,-7.373145,葡萄-红,葡萄-红,fruit30_split/val/葡萄-红/76.jpg
-31.870094,-0.741667,葡萄-红,葡萄-红,fruit30_split/val/葡萄-红/8.jpg
-30.846867,6.6608334,葡萄-红,葡萄-红,fruit30_split/val/葡萄-红/84.png
-21.78512,-0.28316844,葡萄-红,西红柿,fruit30_split/val/葡萄-红/85.jpg
-30.52847,-4.624102,葡萄-红,葡萄-红,fruit30_split/val/葡萄-红/86.jpg
-24.528452,-7.2318544,葡萄-红,葡萄-红,fruit30_split/val/葡萄-红/88.jpeg
6.5616374,0.5904744,葡萄-红,葡萄-红,fruit30_split/val/葡萄-红/89.jpg
-30.683765,1.8198881,葡萄-红,葡萄-红,fruit30_split/val/葡萄-红/90.jpg
-29.783209,-2.718696,葡萄-红,葡萄-红,fruit30_split/val/葡萄-红/98.jpg
19.95499,27.224728,西瓜,西瓜,fruit30_split/val/西瓜/104.jpeg
30.92926,30.826561,西瓜,西瓜,fruit30_split/val/西瓜/108.jpg
20.704954,30.46706,西瓜,西瓜,fruit30_split/val/西瓜/112.jpg
23.77328,24.49556,西瓜,西瓜,fruit30_split/val/西瓜/122.jpg
11.538433,-9.194507,西瓜,西瓜,fruit30_split/val/西瓜/127.jpg
26.135626,26.459452,西瓜,西瓜,fruit30_split/val/西瓜/132.jpeg
7.4279914,4.5150094,西瓜,西瓜,fruit30_split/val/西瓜/134.jpg
-25.744688,13.719184,西瓜,西红柿,fruit30_split/val/西瓜/139.jpg
27.774254,23.131096,西瓜,西瓜,fruit30_split/val/西瓜/14.jpg
14.289357,-14.442497,西瓜,西瓜,fruit30_split/val/西瓜/142.jpeg
26.437256,29.921513,西瓜,西瓜,fruit30_split/val/西瓜/148.jpeg
-28.608107,-36.821938,西瓜,西瓜,fruit30_split/val/西瓜/150.jpg
10.056596,-20.68654,西瓜,西瓜,fruit30_split/val/西瓜/168.jpg
29.014294,31.396954,西瓜,西瓜,fruit30_split/val/西瓜/170.jpeg
27.742832,24.650965,西瓜,西瓜,fruit30_split/val/西瓜/171.jpg
27.614214,21.363686,西瓜,西瓜,fruit30_split/val/西瓜/180.jpg
23.037674,22.6942,西瓜,草莓,fruit30_split/val/西瓜/182.jpg
13.871456,-13.497181,西瓜,西瓜,fruit30_split/val/西瓜/185.jpeg
-22.514057,-2.6144335,西瓜,西瓜,fruit30_split/val/西瓜/187.jpg
30.51754,22.54385,西瓜,西瓜,fruit30_split/val/西瓜/189.jpg
11.970321,-8.951898,西瓜,西瓜,fruit30_split/val/西瓜/198.jpg
-14.207157,-24.61561,西瓜,西瓜,fruit30_split/val/西瓜/20.jpeg
26.278301,26.28247,西瓜,西瓜,fruit30_split/val/西瓜/22.jpeg
28.814999,28.335835,西瓜,西瓜,fruit30_split/val/西瓜/28.jpeg
12.237162,-15.7245245,西瓜,西瓜,fruit30_split/val/西瓜/34.jpg
27.441273,19.829191,西瓜,西瓜,fruit30_split/val/西瓜/35.jpg
30.706104,21.4553,西瓜,西瓜,fruit30_split/val/西瓜/36.jpg
12.134455,-16.931803,西瓜,西瓜,fruit30_split/val/西瓜/39.jpg
30.997795,20.886524,西瓜,西瓜,fruit30_split/val/西瓜/41.jpg
29.974781,29.3331,西瓜,西瓜,fruit30_split/val/西瓜/46.jpeg
-0.3491533,-3.430541,西瓜,西瓜,fruit30_split/val/西瓜/57.jpg
27.212366,29.750721,西瓜,西瓜,fruit30_split/val/西瓜/58.jpg
27.479282,22.051205,西瓜,西瓜,fruit30_split/val/西瓜/60.jpg
29.453646,29.90338,西瓜,西瓜,fruit30_split/val/西瓜/69.jpg
14.887665,-11.977108,西瓜,西瓜,fruit30_split/val/西瓜/72.jpg
12.172755,-16.619505,西瓜,西瓜,fruit30_split/val/西瓜/87.jpg
-3.694833,-9.231677,西瓜,西瓜,fruit30_split/val/西瓜/9.jpg
-40.21359,-7.308028,西红柿,石榴,fruit30_split/val/西红柿/100.jpg
-28.630089,17.480368,西红柿,西红柿,fruit30_split/val/西红柿/101.jpg
-28.534899,19.3751,西红柿,西红柿,fruit30_split/val/西红柿/108.jpg
-28.943996,25.709488,西红柿,西红柿,fruit30_split/val/西红柿/11.jpg
20.823643,29.658766,西红柿,西红柿,fruit30_split/val/西红柿/116.jpg
-34.896515,13.51355,西红柿,西红柿,fruit30_split/val/西红柿/122.jpg
26.051104,-15.056462,西红柿,西红柿,fruit30_split/val/西红柿/124.jpeg
-29.285126,28.805477,西红柿,西红柿,fruit30_split/val/西红柿/128.jpg
-25.673841,20.615242,西红柿,西红柿,fruit30_split/val/西红柿/138.jpg
-31.365597,20.868391,西红柿,西红柿,fruit30_split/val/西红柿/143.jpg
18.354853,-21.448269,西红柿,西红柿,fruit30_split/val/西红柿/145.jpg
-23.456566,12.504058,西红柿,西红柿,fruit30_split/val/西红柿/147.jpg
-31.681503,16.24937,西红柿,西红柿,fruit30_split/val/西红柿/152.jpg
-30.555664,25.818602,西红柿,西红柿,fruit30_split/val/西红柿/156.jpg
-33.888203,21.049244,西红柿,西红柿,fruit30_split/val/西红柿/166.jpg
-31.102623,22.776634,西红柿,西红柿,fruit30_split/val/西红柿/170.jpeg
-31.789412,21.214994,西红柿,西红柿,fruit30_split/val/西红柿/172.jpeg
-30.109087,17.962347,西红柿,西红柿,fruit30_split/val/西红柿/179.jpg
-31.575932,18.379166,西红柿,西红柿,fruit30_split/val/西红柿/18.jpg
18.078001,5.111112,西红柿,西红柿,fruit30_split/val/西红柿/183.jpg
-32.91804,14.614422,西红柿,圣女果,fruit30_split/val/西红柿/194.jpg
-32.240635,25.87379,西红柿,西红柿,fruit30_split/val/西红柿/20.jpg
19.254837,5.3885584,西红柿,西红柿,fruit30_split/val/西红柿/22.jpg
-20.804693,15.441355,西红柿,西红柿,fruit30_split/val/西红柿/23.jpg
-30.566105,13.18032,西红柿,西红柿,fruit30_split/val/西红柿/34.jpg
-24.295414,25.21986,西红柿,西红柿,fruit30_split/val/西红柿/35.jpg
-28.55039,22.534914,西红柿,西红柿,fruit30_split/val/西红柿/45.jpg
-11.12755,23.78278,西红柿,桂圆,fruit30_split/val/西红柿/48.jpg
-30.393608,25.68417,西红柿,西红柿,fruit30_split/val/西红柿/50.jpg
-30.02299,16.102842,西红柿,西红柿,fruit30_split/val/西红柿/55.jpg
-29.400743,28.80389,西红柿,西红柿,fruit30_split/val/西红柿/57.jpg
-24.204136,25.883356,西红柿,西红柿,fruit30_split/val/西红柿/60.jpg
-24.803999,22.422161,西红柿,西红柿,fruit30_split/val/西红柿/68.jpg
-10.73118,16.28358,西红柿,西红柿,fruit30_split/val/西红柿/91.jpg
-13.683812,13.31306,西红柿,西红柿,fruit30_split/val/西红柿/94.jpg
-46.802727,5.8847313,西红柿,西红柿,fruit30_split/val/西红柿/95.jpg
-41.05691,4.2221437,车厘子,车厘子,fruit30_split/val/车厘子/100.jpg
-37.943653,4.8558216,车厘子,葡萄-红,fruit30_split/val/车厘子/11.jpeg
-39.547714,20.67627,车厘子,车厘子,fruit30_split/val/车厘子/128.jpg
16.68207,26.63507,车厘子,车厘子,fruit30_split/val/车厘子/132.jpg
16.461971,9.480392,车厘子,车厘子,fruit30_split/val/车厘子/146.jpg
27.327774,-15.986765,车厘子,车厘子,fruit30_split/val/车厘子/165.jpg
-33.883114,18.500586,车厘子,车厘子,fruit30_split/val/车厘子/17.jpg
-35.43196,16.104828,车厘子,圣女果,fruit30_split/val/车厘子/171.jpg
-33.14048,16.32158,车厘子,车厘子,fruit30_split/val/车厘子/175.jpg
-32.870064,3.1426003,车厘子,车厘子,fruit30_split/val/车厘子/177.jpg
-45.378853,14.023849,车厘子,车厘子,fruit30_split/val/车厘子/180.jpg
-35.02363,9.449252,车厘子,车厘子,fruit30_split/val/车厘子/181.jpg
19.49442,-22.595146,车厘子,车厘子,fruit30_split/val/车厘子/182.jpg
-39.499832,20.320911,车厘子,车厘子,fruit30_split/val/车厘子/187.jpg
-38.254868,3.066136,车厘子,葡萄-红,fruit30_split/val/车厘子/191.jpg
-36.68573,7.3908033,车厘子,车厘子,fruit30_split/val/车厘子/199.jpg
-29.623938,4.272332,车厘子,车厘子,fruit30_split/val/车厘子/20.jpg
-33.29742,4.7052627,车厘子,车厘子,fruit30_split/val/车厘子/21.jpg
-38.754288,17.384415,车厘子,车厘子,fruit30_split/val/车厘子/22.jpg
-32.139164,5.837597,车厘子,车厘子,fruit30_split/val/车厘子/25.jpeg
-40.671654,18.413866,车厘子,车厘子,fruit30_split/val/车厘子/43.jpg
-27.099333,5.0455017,车厘子,车厘子,fruit30_split/val/车厘子/59.jpg
-45.98809,14.329786,车厘子,车厘子,fruit30_split/val/车厘子/70.jpg
-39.35563,19.222555,车厘子,车厘子,fruit30_split/val/车厘子/72.jpg
23.575731,-11.8091545,车厘子,苹果-红,fruit30_split/val/车厘子/73.jpg
-35.683746,5.332363,车厘子,车厘子,fruit30_split/val/车厘子/77.jpg
-42.281364,9.064548,车厘子,车厘子,fruit30_split/val/车厘子/83.jpeg
-33.738487,4.68061,车厘子,车厘子,fruit30_split/val/车厘子/91.jpg
23.520792,-11.007095,车厘子,石榴,fruit30_split/val/车厘子/92.jpg
-33.299953,7.2698364,车厘子,车厘子,fruit30_split/val/车厘子/94.jpg
-36.518322,6.0699873,车厘子,车厘子,fruit30_split/val/车厘子/96.jpg
19.875341,4.120177,车厘子,车厘子,fruit30_split/val/车厘子/99.jpg
46.793015,12.8492,香蕉,香蕉,fruit30_split/val/香蕉/1.jpg
-3.6878667,-33.91091,香蕉,黄瓜,fruit30_split/val/香蕉/100.jpg
-0.8933813,-6.1640134,香蕉,胡萝卜,fruit30_split/val/香蕉/109.jpg
49.799767,13.575408,香蕉,香蕉,fruit30_split/val/香蕉/111.jpg
49.937473,14.864802,香蕉,香蕉,fruit30_split/val/香蕉/119.jpg
32.87251,26.396402,香蕉,香蕉,fruit30_split/val/香蕉/120.jpg
44.975273,16.503044,香蕉,香蕉,fruit30_split/val/香蕉/123.jpg
48.81489,11.531262,香蕉,香蕉,fruit30_split/val/香蕉/129.jpg
49.66809,20.523617,香蕉,香蕉,fruit30_split/val/香蕉/130.png
49.63497,16.30089,香蕉,香蕉,fruit30_split/val/香蕉/134.jpg
42.9387,15.468651,香蕉,香蕉,fruit30_split/val/香蕉/143.jpg
50.435814,13.269739,香蕉,香蕉,fruit30_split/val/香蕉/147.jpeg
-4.8631682,-42.74217,香蕉,香蕉,fruit30_split/val/香蕉/149.jpg
52.35701,16.260006,香蕉,香蕉,fruit30_split/val/香蕉/15.jpg
52.28516,15.155444,香蕉,香蕉,fruit30_split/val/香蕉/150.jpg
48.85507,16.623135,香蕉,香蕉,fruit30_split/val/香蕉/153.jpg
-4.866401,-42.769737,香蕉,葡萄-白,fruit30_split/val/香蕉/16.jpg
50.360683,18.320953,香蕉,香蕉,fruit30_split/val/香蕉/168.jpg
46.813675,13.99985,香蕉,香蕉,fruit30_split/val/香蕉/169.jpg
48.400818,13.55621,香蕉,香蕉,fruit30_split/val/香蕉/171.jpg
46.205444,12.081685,香蕉,香蕉,fruit30_split/val/香蕉/173.jpg
47.085197,9.097675,香蕉,香蕉,fruit30_split/val/香蕉/177.jpg
50.83062,19.853148,香蕉,香蕉,fruit30_split/val/香蕉/188.jpg
3.7686143,-7.369632,香蕉,香蕉,fruit30_split/val/香蕉/197.jpg
47.237816,18.385227,香蕉,香蕉,fruit30_split/val/香蕉/199.jpg
46.825596,20.43436,香蕉,香蕉,fruit30_split/val/香蕉/21.jpg
46.63739,15.961372,香蕉,香蕉,fruit30_split/val/香蕉/29.jpg
49.863556,20.922836,香蕉,香蕉,fruit30_split/val/香蕉/3.png
49.328926,17.464085,香蕉,香蕉,fruit30_split/val/香蕉/31.jpg
44.48,19.818409,香蕉,香蕉,fruit30_split/val/香蕉/33.png
53.298786,15.239034,香蕉,香蕉,fruit30_split/val/香蕉/37.jpg
-4.835312,-43.760258,香蕉,香蕉,fruit30_split/val/香蕉/44.jpg
50.907223,11.279157,香蕉,香蕉,fruit30_split/val/香蕉/48.jpg
48.93577,18.823702,香蕉,香蕉,fruit30_split/val/香蕉/59.jpg
49.076527,15.323148,香蕉,香蕉,fruit30_split/val/香蕉/62.jpg
45.39577,13.915905,香蕉,香蕉,fruit30_split/val/香蕉/72.jpg
7.8820558,-25.345284,黄瓜,黄瓜,fruit30_split/val/黄瓜/1.jpg
8.857657,-23.810392,黄瓜,黄瓜,fruit30_split/val/黄瓜/10.jpg
-0.31852978,-35.086113,黄瓜,黄瓜,fruit30_split/val/黄瓜/100.jpg
9.890406,-32.344826,黄瓜,黄瓜,fruit30_split/val/黄瓜/13.jpg
-3.413522,-9.657641,黄瓜,黄瓜,fruit30_split/val/黄瓜/135.jpg
-5.1353707,-31.459967,黄瓜,黄瓜,fruit30_split/val/黄瓜/144.jpg
3.510253,-32.843292,黄瓜,黄瓜,fruit30_split/val/黄瓜/148.jpeg
12.530635,-37.591347,黄瓜,黄瓜,fruit30_split/val/黄瓜/152.jpg
11.88656,-31.641632,黄瓜,黄瓜,fruit30_split/val/黄瓜/161.jpg
10.093427,-33.605675,黄瓜,黄瓜,fruit30_split/val/黄瓜/162.jpg
11.487816,-31.03581,黄瓜,黄瓜,fruit30_split/val/黄瓜/163.jpg
12.578207,-37.62601,黄瓜,黄瓜,fruit30_split/val/黄瓜/166.jpg
5.779104,-28.637314,黄瓜,黄瓜,fruit30_split/val/黄瓜/175.jpg
10.895123,-24.45231,黄瓜,黄瓜,fruit30_split/val/黄瓜/188.jpg
10.802228,-28.996395,黄瓜,黄瓜,fruit30_split/val/黄瓜/199.jpeg
2.5946007,-36.71145,黄瓜,黄瓜,fruit30_split/val/黄瓜/200.jpeg
7.5742803,-34.14365,黄瓜,黄瓜,fruit30_split/val/黄瓜/22.jpg
9.798996,-31.312834,黄瓜,黄瓜,fruit30_split/val/黄瓜/27.jpg
6.5279264,-31.217407,黄瓜,黄瓜,fruit30_split/val/黄瓜/37.jpeg
11.809538,-32.871304,黄瓜,黄瓜,fruit30_split/val/黄瓜/40.jpg
7.7303166,-27.270174,黄瓜,黄瓜,fruit30_split/val/黄瓜/45.jpg
-1.5531437,-32.43574,黄瓜,黄瓜,fruit30_split/val/黄瓜/46.jpg
9.179401,-25.200594,黄瓜,黄瓜,fruit30_split/val/黄瓜/49.jpg
8.607058,-27.417398,黄瓜,黄瓜,fruit30_split/val/黄瓜/52.jpg
8.352219,-32.35517,黄瓜,黄瓜,fruit30_split/val/黄瓜/54.jpg
-13.405386,-19.555515,黄瓜,黄瓜,fruit30_split/val/黄瓜/59.jpg
9.328222,-30.183947,黄瓜,黄瓜,fruit30_split/val/黄瓜/7.jpeg
1.4611735,-35.027485,黄瓜,黄瓜,fruit30_split/val/黄瓜/71.jpg
-2.1968923,-34.143158,黄瓜,黄瓜,fruit30_split/val/黄瓜/74.jpg
10.030151,-25.226768,黄瓜,黄瓜,fruit30_split/val/黄瓜/76.jpg
11.08046,-36.36872,黄瓜,黄瓜,fruit30_split/val/黄瓜/87.jpg
6.440228,-29.324959,黄瓜,黄瓜,fruit30_split/val/黄瓜/9.jpg
2.529796,-30.954199,黄瓜,黄瓜,fruit30_split/val/黄瓜/91.png
6.5242124,-31.980818,黄瓜,黄瓜,fruit30_split/val/黄瓜/94.jpg
2.6715393,-32.081,黄瓜,黄瓜,fruit30_split/val/黄瓜/97.jpg
